"~start_node_id","~start_node_labels","~start_node_property_importance","~start_node_property_name","~start_node_property_id","~relationship_type","~relationship_property_weight","~end_node_id","~end_node_labels","~end_node_property_importance","~end_node_property_name","~end_node_property_id"
"4:fad52c8e-5723-4858-b267-bba2f5249516:975","Author",412,"Yu Qiao 0001",975,"CO_AUTHORED_WITH",1,"4:fad52c8e-5723-4858-b267-bba2f5249516:263","Author",50,"Ziyu Guo",263
"4:fad52c8e-5723-4858-b267-bba2f5249516:975","Author",412,"Yu Qiao 0001",975,"CO_AUTHORED_WITH",2,"4:fad52c8e-5723-4858-b267-bba2f5249516:974","Author",52,"Yue Ma 0016",974
"4:fad52c8e-5723-4858-b267-bba2f5249516:975","Author",412,"Yu Qiao 0001",975,"CO_AUTHORED_WITH",1,"4:fad52c8e-5723-4858-b267-bba2f5249516:1862","Author",13,"Yue Lu 0001",1862
"4:fad52c8e-5723-4858-b267-bba2f5249516:975","Author",412,"Yu Qiao 0001",975,"CO_AUTHORED_WITH",1,"4:fad52c8e-5723-4858-b267-bba2f5249516:1995","Author",33,"Zilei Wang",1995
"4:fad52c8e-5723-4858-b267-bba2f5249516:975","Author",412,"Yu Qiao 0001",975,"CO_AUTHORED_WITH",1,"4:fad52c8e-5723-4858-b267-bba2f5249516:2156","Author",4,"Yuanfu Wang",2156
"4:fad52c8e-5723-4858-b267-bba2f5249516:975","Author",412,"Yu Qiao 0001",975,"CO_AUTHORED_WITH",1,"4:fad52c8e-5723-4858-b267-bba2f5249516:2441","Author",37,"Zhaopan Xu",2441
"4:fad52c8e-5723-4858-b267-bba2f5249516:975","Author",412,"Yu Qiao 0001",975,"CO_AUTHORED_WITH",4,"4:fad52c8e-5723-4858-b267-bba2f5249516:2499","Author",222,"Ziwei Liu 0002",2499
"4:fad52c8e-5723-4858-b267-bba2f5249516:975","Author",412,"Yu Qiao 0001",975,"CO_AUTHORED_WITH",7,"4:fad52c8e-5723-4858-b267-bba2f5249516:2689","Author",71,"Yue Yang",2689
"4:fad52c8e-5723-4858-b267-bba2f5249516:975","Author",412,"Yu Qiao 0001",975,"CO_AUTHORED_WITH",1,"4:fad52c8e-5723-4858-b267-bba2f5249516:2809","Author",45,"Yunhong Wang 0001",2809
"4:fad52c8e-5723-4858-b267-bba2f5249516:975","Author",412,"Yu Qiao 0001",975,"CO_AUTHORED_WITH",1,"4:fad52c8e-5723-4858-b267-bba2f5249516:3220","Author",29,"Yuwei Wu 0001",3220
"4:fad52c8e-5723-4858-b267-bba2f5249516:975","Author",412,"Yu Qiao 0001",975,"CO_AUTHORED_WITH",2,"4:fad52c8e-5723-4858-b267-bba2f5249516:3505","Author",33,"Zehui Chen",3505
"4:fad52c8e-5723-4858-b267-bba2f5249516:975","Author",412,"Yu Qiao 0001",975,"CO_AUTHORED_WITH",1,"4:fad52c8e-5723-4858-b267-bba2f5249516:5234","Author",20,"Zifan Song",5234
"4:fad52c8e-5723-4858-b267-bba2f5249516:975","Author",412,"Yu Qiao 0001",975,"CO_AUTHORED_WITH",1,"4:fad52c8e-5723-4858-b267-bba2f5249516:5641","Author",37,"Zhongjiang He",5641
"4:fad52c8e-5723-4858-b267-bba2f5249516:975","Author",412,"Yu Qiao 0001",975,"CO_AUTHORED_WITH",1,"4:fad52c8e-5723-4858-b267-bba2f5249516:6444","Author",97,"Zhen Li 0026",6444
"4:fad52c8e-5723-4858-b267-bba2f5249516:975","Author",412,"Yu Qiao 0001",975,"CO_AUTHORED_WITH",4,"4:fad52c8e-5723-4858-b267-bba2f5249516:6813","Author",44,"Yuqi Lin",6813
"4:fad52c8e-5723-4858-b267-bba2f5249516:975","Author",412,"Yu Qiao 0001",975,"CO_AUTHORED_WITH",1,"4:fad52c8e-5723-4858-b267-bba2f5249516:7503","Author",5,"Zhi Hou",7503
"4:fad52c8e-5723-4858-b267-bba2f5249516:975","Author",412,"Yu Qiao 0001",975,"CO_AUTHORED_WITH",1,"4:fad52c8e-5723-4858-b267-bba2f5249516:7690","Author",28,"Yuxin Zhang 0002",7690
"4:fad52c8e-5723-4858-b267-bba2f5249516:975","Author",412,"Yu Qiao 0001",975,"CO_AUTHORED_WITH",1,"4:fad52c8e-5723-4858-b267-bba2f5249516:8840","Author",21,"Zhenyu Tang 0004",8840
"4:fad52c8e-5723-4858-b267-bba2f5249516:975","Author",412,"Yu Qiao 0001",975,"CO_AUTHORED_WITH",1,"4:fad52c8e-5723-4858-b267-bba2f5249516:11223","Author",80,"Yu Wang 0002",11223
"4:fad52c8e-5723-4858-b267-bba2f5249516:975","Author",412,"Yu Qiao 0001",975,"CO_AUTHORED_WITH",1,"4:fad52c8e-5723-4858-b267-bba2f5249516:14884","Author",51,"Yuchen Yan",14884
"4:fad52c8e-5723-4858-b267-bba2f5249516:975","Author",412,"Yu Qiao 0001",975,"CO_AUTHORED_WITH",6,"4:fad52c8e-5723-4858-b267-bba2f5249516:21761","Author",75,"Zhe Chen 0017",21761
"4:fad52c8e-5723-4858-b267-bba2f5249516:975","Author",412,"Yu Qiao 0001",975,"CO_AUTHORED_WITH",2,"4:fad52c8e-5723-4858-b267-bba2f5249516:21762","Author",74,"Ziyan Huang",21762
"4:fad52c8e-5723-4858-b267-bba2f5249516:975","Author",412,"Yu Qiao 0001",975,"CO_AUTHORED_WITH",2,"4:fad52c8e-5723-4858-b267-bba2f5249516:21767","Author",29,"Zhongying Deng",21767
"4:fad52c8e-5723-4858-b267-bba2f5249516:975","Author",412,"Yu Qiao 0001",975,"CO_AUTHORED_WITH",2,"4:fad52c8e-5723-4858-b267-bba2f5249516:21768","Author",27,"Yuanfeng Ji",21768
"4:fad52c8e-5723-4858-b267-bba2f5249516:975","Author",412,"Yu Qiao 0001",975,"CO_AUTHORED_WITH",1,"4:fad52c8e-5723-4858-b267-bba2f5249516:21869","Author",33,"Zeqiang Lai",21869
"4:fad52c8e-5723-4858-b267-bba2f5249516:975","Author",412,"Yu Qiao 0001",975,"CO_AUTHORED_WITH",1,"4:fad52c8e-5723-4858-b267-bba2f5249516:22609","Author",40,"Yuchen Zhang",22609
"4:fad52c8e-5723-4858-b267-bba2f5249516:975","Author",412,"Yu Qiao 0001",975,"CO_AUTHORED_WITH",1,"4:fad52c8e-5723-4858-b267-bba2f5249516:23169","Author",14,"Zhengrong Yue",23169
"4:fad52c8e-5723-4858-b267-bba2f5249516:975","Author",412,"Yu Qiao 0001",975,"CO_AUTHORED_WITH",1,"4:fad52c8e-5723-4858-b267-bba2f5249516:24086","Author",4,"Yuxiao Luo 0001",24086
"4:fad52c8e-5723-4858-b267-bba2f5249516:975","Author",412,"Yu Qiao 0001",975,"CO_AUTHORED_WITH",1,"4:fad52c8e-5723-4858-b267-bba2f5249516:28093","Author",40,"Zhixuan Liang",28093
"4:fad52c8e-5723-4858-b267-bba2f5249516:975","Author",412,"Yu Qiao 0001",975,"CO_AUTHORED_WITH",1,"4:fad52c8e-5723-4858-b267-bba2f5249516:28520","Author",37,"Zhen Huang",28520
"4:fad52c8e-5723-4858-b267-bba2f5249516:975","Author",412,"Yu Qiao 0001",975,"CO_AUTHORED_WITH",1,"4:fad52c8e-5723-4858-b267-bba2f5249516:28906","Author",6,"Ziteng Cui",28906
"4:fad52c8e-5723-4858-b267-bba2f5249516:975","Author",412,"Yu Qiao 0001",975,"CO_AUTHORED_WITH",1,"4:fad52c8e-5723-4858-b267-bba2f5249516:29295","Author",50,"Zhanyu Ma",29295
"4:fad52c8e-5723-4858-b267-bba2f5249516:975","Author",412,"Yu Qiao 0001",975,"CO_AUTHORED_WITH",1,"4:fad52c8e-5723-4858-b267-bba2f5249516:29671","Author",17,"Ziang Yan",29671
"4:fad52c8e-5723-4858-b267-bba2f5249516:975","Author",412,"Yu Qiao 0001",975,"CO_AUTHORED_WITH",1,"4:fad52c8e-5723-4858-b267-bba2f5249516:30269","Author",18,"Yukai Ma",30269
"4:fad52c8e-5723-4858-b267-bba2f5249516:975","Author",412,"Yu Qiao 0001",975,"CO_AUTHORED_WITH",1,"4:fad52c8e-5723-4858-b267-bba2f5249516:30970","Author",45,"Zixuan Wang",30970
"4:fad52c8e-5723-4858-b267-bba2f5249516:975","Author",412,"Yu Qiao 0001",975,"CO_AUTHORED_WITH",1,"4:fad52c8e-5723-4858-b267-bba2f5249516:33148","Author",118,"Yujiu Yang 0001",33148
"4:fad52c8e-5723-4858-b267-bba2f5249516:975","Author",412,"Yu Qiao 0001",975,"CO_AUTHORED_WITH",1,"4:fad52c8e-5723-4858-b267-bba2f5249516:33787","Author",21,"Zhiqian Li",33787
"4:fad52c8e-5723-4858-b267-bba2f5249516:975","Author",412,"Yu Qiao 0001",975,"CO_AUTHORED_WITH",1,"4:fad52c8e-5723-4858-b267-bba2f5249516:34034","Author",16,"Yufei Wang 0006",34034
"4:fad52c8e-5723-4858-b267-bba2f5249516:975","Author",412,"Yu Qiao 0001",975,"CO_AUTHORED_WITH",1,"4:fad52c8e-5723-4858-b267-bba2f5249516:34245","Author",6,"Zhichen Dong",34245
"4:fad52c8e-5723-4858-b267-bba2f5249516:975","Author",412,"Yu Qiao 0001",975,"CO_AUTHORED_WITH",1,"4:fad52c8e-5723-4858-b267-bba2f5249516:34246","Author",6,"Zhanhui Zhou",34246
"4:fad52c8e-5723-4858-b267-bba2f5249516:975","Author",412,"Yu Qiao 0001",975,"CO_AUTHORED_WITH",1,"4:fad52c8e-5723-4858-b267-bba2f5249516:34247","Author",13,"Zhixuan Liu",34247
"4:fad52c8e-5723-4858-b267-bba2f5249516:975","Author",412,"Yu Qiao 0001",975,"CO_AUTHORED_WITH",1,"4:fad52c8e-5723-4858-b267-bba2f5249516:35229","Author",14,"Zijian Liang",35229
"4:fad52c8e-5723-4858-b267-bba2f5249516:975","Author",412,"Yu Qiao 0001",975,"CO_AUTHORED_WITH",1,"4:fad52c8e-5723-4858-b267-bba2f5249516:35505","Author",18,"Ziyi Lin",35505
"4:fad52c8e-5723-4858-b267-bba2f5249516:975","Author",412,"Yu Qiao 0001",975,"CO_AUTHORED_WITH",4,"4:fad52c8e-5723-4858-b267-bba2f5249516:35922","Author",78,"Yuhang Zang",35922
"4:fad52c8e-5723-4858-b267-bba2f5249516:975","Author",412,"Yu Qiao 0001",975,"CO_AUTHORED_WITH",1,"4:fad52c8e-5723-4858-b267-bba2f5249516:35923","Author",45,"Yuhang Cao",35923
"4:fad52c8e-5723-4858-b267-bba2f5249516:975","Author",412,"Yu Qiao 0001",975,"CO_AUTHORED_WITH",2,"4:fad52c8e-5723-4858-b267-bba2f5249516:37177","Author",30,"Ziyao Guo",37177
"4:fad52c8e-5723-4858-b267-bba2f5249516:975","Author",412,"Yu Qiao 0001",975,"CO_AUTHORED_WITH",1,"4:fad52c8e-5723-4858-b267-bba2f5249516:38032","Author",57,"Zhijian Liu",38032
"4:fad52c8e-5723-4858-b267-bba2f5249516:975","Author",412,"Yu Qiao 0001",975,"CO_AUTHORED_WITH",1,"4:fad52c8e-5723-4858-b267-bba2f5249516:39271","Author",65,"Zehan Wang 0001",39271
"4:fad52c8e-5723-4858-b267-bba2f5249516:975","Author",412,"Yu Qiao 0001",975,"CO_AUTHORED_WITH",2,"4:fad52c8e-5723-4858-b267-bba2f5249516:39435","Author",28,"Zhenfei Yin",39435
"4:fad52c8e-5723-4858-b267-bba2f5249516:975","Author",412,"Yu Qiao 0001",975,"CO_AUTHORED_WITH",1,"4:fad52c8e-5723-4858-b267-bba2f5249516:40549","Author",30,"Zengzhi Wang",40549
"4:fad52c8e-5723-4858-b267-bba2f5249516:975","Author",412,"Yu Qiao 0001",975,"CO_AUTHORED_WITH",1,"4:fad52c8e-5723-4858-b267-bba2f5249516:49372","Author",10,"Yujie Zhou",49372
"4:fad52c8e-5723-4858-b267-bba2f5249516:975","Author",412,"Yu Qiao 0001",975,"CO_AUTHORED_WITH",1,"4:fad52c8e-5723-4858-b267-bba2f5249516:50694","Author",24,"Zhaoyang Huang",50694
"4:fad52c8e-5723-4858-b267-bba2f5249516:975","Author",412,"Yu Qiao 0001",975,"CO_AUTHORED_WITH",1,"4:fad52c8e-5723-4858-b267-bba2f5249516:51939","Author",15,"Zehuan Huang",51939
"4:fad52c8e-5723-4858-b267-bba2f5249516:975","Author",412,"Yu Qiao 0001",975,"CO_AUTHORED_WITH",1,"4:fad52c8e-5723-4858-b267-bba2f5249516:52722","Author",32,"Yuntao Chen",52722
"4:fad52c8e-5723-4858-b267-bba2f5249516:975","Author",412,"Yu Qiao 0001",975,"CO_AUTHORED_WITH",1,"4:fad52c8e-5723-4858-b267-bba2f5249516:52904","Author",21,"Yuanqi Yao",52904
"4:fad52c8e-5723-4858-b267-bba2f5249516:975","Author",412,"Yu Qiao 0001",975,"CO_AUTHORED_WITH",1,"4:fad52c8e-5723-4858-b267-bba2f5249516:53615","Author",19,"Yuanjun Xiong",53615
"4:fad52c8e-5723-4858-b267-bba2f5249516:975","Author",412,"Yu Qiao 0001",975,"CO_AUTHORED_WITH",1,"4:fad52c8e-5723-4858-b267-bba2f5249516:54259","Author",11,"Yuan Xu",54259
"4:fad52c8e-5723-4858-b267-bba2f5249516:975","Author",412,"Yu Qiao 0001",975,"CO_AUTHORED_WITH",1,"4:fad52c8e-5723-4858-b267-bba2f5249516:54468","Author",20,"Zhaoyang Liu 0001",54468
"4:fad52c8e-5723-4858-b267-bba2f5249516:975","Author",412,"Yu Qiao 0001",975,"CO_AUTHORED_WITH",1,"4:fad52c8e-5723-4858-b267-bba2f5249516:54472","Author",7,"Zhiyu Zhao",54472
"4:fad52c8e-5723-4858-b267-bba2f5249516:975","Author",412,"Yu Qiao 0001",975,"CO_AUTHORED_WITH",1,"4:fad52c8e-5723-4858-b267-bba2f5249516:54595","Author",12,"Yuwen Xiong",54595
"4:fad52c8e-5723-4858-b267-bba2f5249516:975","Author",412,"Yu Qiao 0001",975,"CO_AUTHORED_WITH",1,"4:fad52c8e-5723-4858-b267-bba2f5249516:54596","Author",17,"Zhiqi Li",54596
"4:fad52c8e-5723-4858-b267-bba2f5249516:975","Author",412,"Yu Qiao 0001",975,"CO_AUTHORED_WITH",1,"4:fad52c8e-5723-4858-b267-bba2f5249516:56670","Author",35,"Yuanhan Zhang",56670
"4:fad52c8e-5723-4858-b267-bba2f5249516:975","Author",412,"Yu Qiao 0001",975,"CO_AUTHORED_WITH",3,"4:fad52c8e-5723-4858-b267-bba2f5249516:56869","Author",17,"Zhaokai Wang",56869
"4:fad52c8e-5723-4858-b267-bba2f5249516:975","Author",412,"Yu Qiao 0001",975,"CO_AUTHORED_WITH",1,"4:fad52c8e-5723-4858-b267-bba2f5249516:57549","Author",17,"Yuxuan Xie",57549
"4:fad52c8e-5723-4858-b267-bba2f5249516:975","Author",412,"Yu Qiao 0001",975,"CO_AUTHORED_WITH",1,"4:fad52c8e-5723-4858-b267-bba2f5249516:57601","Author",11,"Zun Wang 0001",57601
"4:fad52c8e-5723-4858-b267-bba2f5249516:975","Author",412,"Yu Qiao 0001",975,"CO_AUTHORED_WITH",1,"4:fad52c8e-5723-4858-b267-bba2f5249516:57859","Author",21,"Yuchen Duan",57859
"4:fad52c8e-5723-4858-b267-bba2f5249516:975","Author",412,"Yu Qiao 0001",975,"CO_AUTHORED_WITH",1,"4:fad52c8e-5723-4858-b267-bba2f5249516:58074","Author",6,"Yutao Hu 0002",58074
"4:fad52c8e-5723-4858-b267-bba2f5249516:975","Author",412,"Yu Qiao 0001",975,"CO_AUTHORED_WITH",1,"4:fad52c8e-5723-4858-b267-bba2f5249516:58253","Author",15,"Ziqi Huang",58253
"4:fad52c8e-5723-4858-b267-bba2f5249516:975","Author",412,"Yu Qiao 0001",975,"CO_AUTHORED_WITH",2,"4:fad52c8e-5723-4858-b267-bba2f5249516:58254","Author",17,"Yuming Jiang 0003",58254
"4:fad52c8e-5723-4858-b267-bba2f5249516:975","Author",412,"Yu Qiao 0001",975,"CO_AUTHORED_WITH",1,"4:fad52c8e-5723-4858-b267-bba2f5249516:60253","Author",8,"Zheyuan Li",60253
"4:fad52c8e-5723-4858-b267-bba2f5249516:975","Author",412,"Yu Qiao 0001",975,"CO_AUTHORED_WITH",1,"4:fad52c8e-5723-4858-b267-bba2f5249516:60898","Author",11,"Zhilin Li",60898
"4:fad52c8e-5723-4858-b267-bba2f5249516:975","Author",412,"Yu Qiao 0001",975,"CO_AUTHORED_WITH",1,"4:fad52c8e-5723-4858-b267-bba2f5249516:62040","Author",29,"Yuqing Yang 0004",62040
"4:fad52c8e-5723-4858-b267-bba2f5249516:975","Author",412,"Yu Qiao 0001",975,"CO_AUTHORED_WITH",1,"4:fad52c8e-5723-4858-b267-bba2f5249516:62248","Author",21,"Ziyu Liu",62248
"4:fad52c8e-5723-4858-b267-bba2f5249516:975","Author",412,"Yu Qiao 0001",975,"CO_AUTHORED_WITH",1,"4:fad52c8e-5723-4858-b267-bba2f5249516:62838","Author",12,"Zeyang Zhou",62838
"4:fad52c8e-5723-4858-b267-bba2f5249516:975","Author",412,"Yu Qiao 0001",975,"CO_AUTHORED_WITH",1,"4:fad52c8e-5723-4858-b267-bba2f5249516:69051","Author",27,"Yuxiang Zheng",69051
"4:fad52c8e-5723-4858-b267-bba2f5249516:28","Author",225,"Wanli Ouyang",28,"CO_AUTHORED_WITH",3,"4:fad52c8e-5723-4858-b267-bba2f5249516:975","Author",412,"Yu Qiao 0001",975
"4:fad52c8e-5723-4858-b267-bba2f5249516:74","Author",63,"Tao Gui",74,"CO_AUTHORED_WITH",1,"4:fad52c8e-5723-4858-b267-bba2f5249516:975","Author",412,"Yu Qiao 0001",975
"4:fad52c8e-5723-4858-b267-bba2f5249516:264","Author",153,"Renrui Zhang",264,"CO_AUTHORED_WITH",3,"4:fad52c8e-5723-4858-b267-bba2f5249516:975","Author",412,"Yu Qiao 0001",975
"4:fad52c8e-5723-4858-b267-bba2f5249516:308","Author",82,"Di Huang",308,"CO_AUTHORED_WITH",1,"4:fad52c8e-5723-4858-b267-bba2f5249516:975","Author",412,"Yu Qiao 0001",975
"4:fad52c8e-5723-4858-b267-bba2f5249516:552","Author",124,"Li Yuan 0007",552,"CO_AUTHORED_WITH",1,"4:fad52c8e-5723-4858-b267-bba2f5249516:975","Author",412,"Yu Qiao 0001",975
"4:fad52c8e-5723-4858-b267-bba2f5249516:787","Author",75,"Hao Dong 0003",787,"CO_AUTHORED_WITH",1,"4:fad52c8e-5723-4858-b267-bba2f5249516:975","Author",412,"Yu Qiao 0001",975
"4:fad52c8e-5723-4858-b267-bba2f5249516:837","Author",88,"Xiaojun Chang",837,"CO_AUTHORED_WITH",1,"4:fad52c8e-5723-4858-b267-bba2f5249516:975","Author",412,"Yu Qiao 0001",975
"4:fad52c8e-5723-4858-b267-bba2f5249516:874","Author",56,"Yan-Pei Cao",874,"CO_AUTHORED_WITH",1,"4:fad52c8e-5723-4858-b267-bba2f5249516:975","Author",412,"Yu Qiao 0001",975
"4:fad52c8e-5723-4858-b267-bba2f5249516:973","Author",19,"Siran Chen",973,"CO_AUTHORED_WITH",2,"4:fad52c8e-5723-4858-b267-bba2f5249516:975","Author",412,"Yu Qiao 0001",975
"4:fad52c8e-5723-4858-b267-bba2f5249516:976","Author",62,"Yali Wang 0001",976,"CO_AUTHORED_WITH",9,"4:fad52c8e-5723-4858-b267-bba2f5249516:975","Author",412,"Yu Qiao 0001",975
"4:fad52c8e-5723-4858-b267-bba2f5249516:1105","Author",22,"Weifeng Lin",1105,"CO_AUTHORED_WITH",1,"4:fad52c8e-5723-4858-b267-bba2f5249516:975","Author",412,"Yu Qiao 0001",975
"4:fad52c8e-5723-4858-b267-bba2f5249516:1224","Author",14,"Xiangtao Kong",1224,"CO_AUTHORED_WITH",1,"4:fad52c8e-5723-4858-b267-bba2f5249516:975","Author",412,"Yu Qiao 0001",975
"4:fad52c8e-5723-4858-b267-bba2f5249516:1461","Author",21,"Jia Zeng",1461,"CO_AUTHORED_WITH",1,"4:fad52c8e-5723-4858-b267-bba2f5249516:975","Author",412,"Yu Qiao 0001",975
"4:fad52c8e-5723-4858-b267-bba2f5249516:1819","Author",106,"Jiaqi Wang 0003",1819,"CO_AUTHORED_WITH",5,"4:fad52c8e-5723-4858-b267-bba2f5249516:975","Author",412,"Yu Qiao 0001",975
"4:fad52c8e-5723-4858-b267-bba2f5249516:1820","Author",247,"Dahua Lin",1820,"CO_AUTHORED_WITH",8,"4:fad52c8e-5723-4858-b267-bba2f5249516:975","Author",412,"Yu Qiao 0001",975
"4:fad52c8e-5723-4858-b267-bba2f5249516:1821","Author",107,"Conghui He",1821,"CO_AUTHORED_WITH",2,"4:fad52c8e-5723-4858-b267-bba2f5249516:975","Author",412,"Yu Qiao 0001",975
"4:fad52c8e-5723-4858-b267-bba2f5249516:1859","Author",4,"Lingjun Zhang",1859,"CO_AUTHORED_WITH",1,"4:fad52c8e-5723-4858-b267-bba2f5249516:975","Author",412,"Yu Qiao 0001",975
"4:fad52c8e-5723-4858-b267-bba2f5249516:1860","Author",54,"Xinyuan Chen",1860,"CO_AUTHORED_WITH",8,"4:fad52c8e-5723-4858-b267-bba2f5249516:975","Author",412,"Yu Qiao 0001",975
"4:fad52c8e-5723-4858-b267-bba2f5249516:1861","Author",54,"Yaohui Wang 0001",1861,"CO_AUTHORED_WITH",8,"4:fad52c8e-5723-4858-b267-bba2f5249516:975","Author",412,"Yu Qiao 0001",975
"4:fad52c8e-5723-4858-b267-bba2f5249516:1956","Author",85,"Rongjie Huang 0001",1956,"CO_AUTHORED_WITH",1,"4:fad52c8e-5723-4858-b267-bba2f5249516:975","Author",412,"Yu Qiao 0001",975
"4:fad52c8e-5723-4858-b267-bba2f5249516:2157","Author",30,"Chao Yang 0026",2157,"CO_AUTHORED_WITH",5,"4:fad52c8e-5723-4858-b267-bba2f5249516:975","Author",412,"Yu Qiao 0001",975
"4:fad52c8e-5723-4858-b267-bba2f5249516:2158","Author",4,"Ying Wen",2158,"CO_AUTHORED_WITH",1,"4:fad52c8e-5723-4858-b267-bba2f5249516:975","Author",412,"Yu Qiao 0001",975
"4:fad52c8e-5723-4858-b267-bba2f5249516:2159","Author",53,"Yu Liu 0015",2159,"CO_AUTHORED_WITH",1,"4:fad52c8e-5723-4858-b267-bba2f5249516:975","Author",412,"Yu Qiao 0001",975
"4:fad52c8e-5723-4858-b267-bba2f5249516:2201","Author",81,"Si Liu 0001",2201,"CO_AUTHORED_WITH",1,"4:fad52c8e-5723-4858-b267-bba2f5249516:975","Author",412,"Yu Qiao 0001",975
"4:fad52c8e-5723-4858-b267-bba2f5249516:2202","Author",177,"Hongsheng Li 0001",2202,"CO_AUTHORED_WITH",7,"4:fad52c8e-5723-4858-b267-bba2f5249516:975","Author",412,"Yu Qiao 0001",975
"4:fad52c8e-5723-4858-b267-bba2f5249516:2271","Author",30,"Lin Gu 0003",2271,"CO_AUTHORED_WITH",1,"4:fad52c8e-5723-4858-b267-bba2f5249516:975","Author",412,"Yu Qiao 0001",975
"4:fad52c8e-5723-4858-b267-bba2f5249516:2834","Author",32,"Enshen Zhou",2834,"CO_AUTHORED_WITH",1,"4:fad52c8e-5723-4858-b267-bba2f5249516:975","Author",412,"Yu Qiao 0001",975
"4:fad52c8e-5723-4858-b267-bba2f5249516:2841","Author",45,"Liang He 0001",2841,"CO_AUTHORED_WITH",1,"4:fad52c8e-5723-4858-b267-bba2f5249516:975","Author",412,"Yu Qiao 0001",975
"4:fad52c8e-5723-4858-b267-bba2f5249516:3129","Author",58,"Shuo Liu",3129,"CO_AUTHORED_WITH",5,"4:fad52c8e-5723-4858-b267-bba2f5249516:975","Author",412,"Yu Qiao 0001",975
"4:fad52c8e-5723-4858-b267-bba2f5249516:3252","Author",72,"Hang Yan 0001",3252,"CO_AUTHORED_WITH",1,"4:fad52c8e-5723-4858-b267-bba2f5249516:975","Author",412,"Yu Qiao 0001",975
"4:fad52c8e-5723-4858-b267-bba2f5249516:3259","Author",59,"Senjie Jin",3259,"CO_AUTHORED_WITH",1,"4:fad52c8e-5723-4858-b267-bba2f5249516:975","Author",412,"Yu Qiao 0001",975
"4:fad52c8e-5723-4858-b267-bba2f5249516:3263","Author",78,"Rui Zheng",3263,"CO_AUTHORED_WITH",1,"4:fad52c8e-5723-4858-b267-bba2f5249516:975","Author",412,"Yu Qiao 0001",975
"4:fad52c8e-5723-4858-b267-bba2f5249516:3340","Author",59,"Jie Wen 0001",3340,"CO_AUTHORED_WITH",1,"4:fad52c8e-5723-4858-b267-bba2f5249516:975","Author",412,"Yu Qiao 0001",975
"4:fad52c8e-5723-4858-b267-bba2f5249516:3463","Author",87,"Xuanjing Huang 0001",3463,"CO_AUTHORED_WITH",1,"4:fad52c8e-5723-4858-b267-bba2f5249516:975","Author",412,"Yu Qiao 0001",975
"4:fad52c8e-5723-4858-b267-bba2f5249516:3509","Author",82,"Feng Zhao 0004",3509,"CO_AUTHORED_WITH",3,"4:fad52c8e-5723-4858-b267-bba2f5249516:975","Author",412,"Yu Qiao 0001",975
"4:fad52c8e-5723-4858-b267-bba2f5249516:3713","Author",45,"Tianyi Zhang",3713,"CO_AUTHORED_WITH",1,"4:fad52c8e-5723-4858-b267-bba2f5249516:975","Author",412,"Yu Qiao 0001",975
"4:fad52c8e-5723-4858-b267-bba2f5249516:4073","Author",170,"Junchi Yan",4073,"CO_AUTHORED_WITH",1,"4:fad52c8e-5723-4858-b267-bba2f5249516:975","Author",412,"Yu Qiao 0001",975
"4:fad52c8e-5723-4858-b267-bba2f5249516:4092","Author",30,"Haibao Yu",4092,"CO_AUTHORED_WITH",1,"4:fad52c8e-5723-4858-b267-bba2f5249516:975","Author",412,"Yu Qiao 0001",975
"4:fad52c8e-5723-4858-b267-bba2f5249516:4097","Author",193,"Ping Luo 0002",4097,"CO_AUTHORED_WITH",12,"4:fad52c8e-5723-4858-b267-bba2f5249516:975","Author",412,"Yu Qiao 0001",975
"4:fad52c8e-5723-4858-b267-bba2f5249516:4700","Author",64,"Wenwei Zhang",4700,"CO_AUTHORED_WITH",1,"4:fad52c8e-5723-4858-b267-bba2f5249516:975","Author",412,"Yu Qiao 0001",975
"4:fad52c8e-5723-4858-b267-bba2f5249516:4702","Author",96,"Chen Change Loy",4702,"CO_AUTHORED_WITH",1,"4:fad52c8e-5723-4858-b267-bba2f5249516:975","Author",412,"Yu Qiao 0001",975
"4:fad52c8e-5723-4858-b267-bba2f5249516:4734","Author",21,"Jingwen He",4734,"CO_AUTHORED_WITH",1,"4:fad52c8e-5723-4858-b267-bba2f5249516:975","Author",412,"Yu Qiao 0001",975
"4:fad52c8e-5723-4858-b267-bba2f5249516:4762","Author",75,"Ying Chen",4762,"CO_AUTHORED_WITH",2,"4:fad52c8e-5723-4858-b267-bba2f5249516:975","Author",412,"Yu Qiao 0001",975
"4:fad52c8e-5723-4858-b267-bba2f5249516:4825","Author",44,"Lu Qi 0001",4825,"CO_AUTHORED_WITH",1,"4:fad52c8e-5723-4858-b267-bba2f5249516:975","Author",412,"Yu Qiao 0001",975
"4:fad52c8e-5723-4858-b267-bba2f5249516:5198","Author",56,"Chongjian Ge",5198,"CO_AUTHORED_WITH",1,"4:fad52c8e-5723-4858-b267-bba2f5249516:975","Author",412,"Yu Qiao 0001",975
"4:fad52c8e-5723-4858-b267-bba2f5249516:5236","Author",47,"Cairong Zhao",5236,"CO_AUTHORED_WITH",1,"4:fad52c8e-5723-4858-b267-bba2f5249516:975","Author",412,"Yu Qiao 0001",975
"4:fad52c8e-5723-4858-b267-bba2f5249516:5401","Author",45,"Bohan Zhuang",5401,"CO_AUTHORED_WITH",1,"4:fad52c8e-5723-4858-b267-bba2f5249516:975","Author",412,"Yu Qiao 0001",975
"4:fad52c8e-5723-4858-b267-bba2f5249516:5595","Author",50,"Jiantao Zhou 0001",5595,"CO_AUTHORED_WITH",1,"4:fad52c8e-5723-4858-b267-bba2f5249516:975","Author",412,"Yu Qiao 0001",975
"4:fad52c8e-5723-4858-b267-bba2f5249516:5637","Author",27,"Shilin Yan",5637,"CO_AUTHORED_WITH",1,"4:fad52c8e-5723-4858-b267-bba2f5249516:975","Author",412,"Yu Qiao 0001",975
"4:fad52c8e-5723-4858-b267-bba2f5249516:5638","Author",20,"Wenchao Chen",5638,"CO_AUTHORED_WITH",1,"4:fad52c8e-5723-4858-b267-bba2f5249516:975","Author",412,"Yu Qiao 0001",975
"4:fad52c8e-5723-4858-b267-bba2f5249516:5639","Author",23,"Wei Zhang 0016",5639,"CO_AUTHORED_WITH",1,"4:fad52c8e-5723-4858-b267-bba2f5249516:975","Author",412,"Yu Qiao 0001",975
"4:fad52c8e-5723-4858-b267-bba2f5249516:5640","Author",36,"Hongyang Li 0001",5640,"CO_AUTHORED_WITH",2,"4:fad52c8e-5723-4858-b267-bba2f5249516:975","Author",412,"Yu Qiao 0001",975
"4:fad52c8e-5723-4858-b267-bba2f5249516:5642","Author",143,"Peng Gao 0007",5642,"CO_AUTHORED_WITH",5,"4:fad52c8e-5723-4858-b267-bba2f5249516:975","Author",412,"Yu Qiao 0001",975
"4:fad52c8e-5723-4858-b267-bba2f5249516:6360","Author",56,"Jun Zhang",6360,"CO_AUTHORED_WITH",1,"4:fad52c8e-5723-4858-b267-bba2f5249516:975","Author",412,"Yu Qiao 0001",975
"4:fad52c8e-5723-4858-b267-bba2f5249516:6435","Author",30,"Pengfei Zhou",6435,"CO_AUTHORED_WITH",1,"4:fad52c8e-5723-4858-b267-bba2f5249516:975","Author",412,"Yu Qiao 0001",975
"4:fad52c8e-5723-4858-b267-bba2f5249516:6436","Author",30,"Xiaopeng Peng 0001",6436,"CO_AUTHORED_WITH",1,"4:fad52c8e-5723-4858-b267-bba2f5249516:975","Author",412,"Yu Qiao 0001",975
"4:fad52c8e-5723-4858-b267-bba2f5249516:6441","Author",30,"Jiajun Song",6441,"CO_AUTHORED_WITH",1,"4:fad52c8e-5723-4858-b267-bba2f5249516:975","Author",412,"Yu Qiao 0001",975
"4:fad52c8e-5723-4858-b267-bba2f5249516:6442","Author",38,"Chuanhao Li 0001",6442,"CO_AUTHORED_WITH",3,"4:fad52c8e-5723-4858-b267-bba2f5249516:975","Author",412,"Yu Qiao 0001",975
"4:fad52c8e-5723-4858-b267-bba2f5249516:6450","Author",114,"Kai Wang 0036",6450,"CO_AUTHORED_WITH",1,"4:fad52c8e-5723-4858-b267-bba2f5249516:975","Author",412,"Yu Qiao 0001",975
"4:fad52c8e-5723-4858-b267-bba2f5249516:6451","Author",126,"Wenqi Shao",6451,"CO_AUTHORED_WITH",11,"4:fad52c8e-5723-4858-b267-bba2f5249516:975","Author",412,"Yu Qiao 0001",975
"4:fad52c8e-5723-4858-b267-bba2f5249516:6452","Author",102,"Yang You 0001",6452,"CO_AUTHORED_WITH",1,"4:fad52c8e-5723-4858-b267-bba2f5249516:975","Author",412,"Yu Qiao 0001",975
"4:fad52c8e-5723-4858-b267-bba2f5249516:6453","Author",118,"Kaipeng Zhang",6453,"CO_AUTHORED_WITH",12,"4:fad52c8e-5723-4858-b267-bba2f5249516:975","Author",412,"Yu Qiao 0001",975
"4:fad52c8e-5723-4858-b267-bba2f5249516:6626","Author",39,"Tianle Zhang",6626,"CO_AUTHORED_WITH",2,"4:fad52c8e-5723-4858-b267-bba2f5249516:975","Author",412,"Yu Qiao 0001",975
"4:fad52c8e-5723-4858-b267-bba2f5249516:6679","Author",83,"Xintao Wang 0002",6679,"CO_AUTHORED_WITH",2,"4:fad52c8e-5723-4858-b267-bba2f5249516:975","Author",412,"Yu Qiao 0001",975
"4:fad52c8e-5723-4858-b267-bba2f5249516:6765","Author",103,"Gao Huang 0001",6765,"CO_AUTHORED_WITH",2,"4:fad52c8e-5723-4858-b267-bba2f5249516:975","Author",412,"Yu Qiao 0001",975
"4:fad52c8e-5723-4858-b267-bba2f5249516:7028","Author",41,"Bihan Wen",7028,"CO_AUTHORED_WITH",1,"4:fad52c8e-5723-4858-b267-bba2f5249516:975","Author",412,"Yu Qiao 0001",975
"4:fad52c8e-5723-4858-b267-bba2f5249516:7276","Author",24,"Shenyuan Gao",7276,"CO_AUTHORED_WITH",1,"4:fad52c8e-5723-4858-b267-bba2f5249516:975","Author",412,"Yu Qiao 0001",975
"4:fad52c8e-5723-4858-b267-bba2f5249516:7500","Author",5,"Haonan Duan 0001",7500,"CO_AUTHORED_WITH",1,"4:fad52c8e-5723-4858-b267-bba2f5249516:975","Author",412,"Yu Qiao 0001",975
"4:fad52c8e-5723-4858-b267-bba2f5249516:7501","Author",5,"Haoran Hao 0003",7501,"CO_AUTHORED_WITH",1,"4:fad52c8e-5723-4858-b267-bba2f5249516:975","Author",412,"Yu Qiao 0001",975
"4:fad52c8e-5723-4858-b267-bba2f5249516:7502","Author",113,"Jifeng Dai",7502,"CO_AUTHORED_WITH",14,"4:fad52c8e-5723-4858-b267-bba2f5249516:975","Author",412,"Yu Qiao 0001",975
"4:fad52c8e-5723-4858-b267-bba2f5249516:7692","Author",138,"Rongrong Ji",7692,"CO_AUTHORED_WITH",1,"4:fad52c8e-5723-4858-b267-bba2f5249516:975","Author",412,"Yu Qiao 0001",975
"4:fad52c8e-5723-4858-b267-bba2f5249516:7892","Author",33,"Xiangyang Zhu",7892,"CO_AUTHORED_WITH",1,"4:fad52c8e-5723-4858-b267-bba2f5249516:975","Author",412,"Yu Qiao 0001",975
"4:fad52c8e-5723-4858-b267-bba2f5249516:8266","Author",4,"Bo Peng 0015",8266,"CO_AUTHORED_WITH",1,"4:fad52c8e-5723-4858-b267-bba2f5249516:975","Author",412,"Yu Qiao 0001",975
"4:fad52c8e-5723-4858-b267-bba2f5249516:8267","Author",34,"Chaochao Lu",8267,"CO_AUTHORED_WITH",1,"4:fad52c8e-5723-4858-b267-bba2f5249516:975","Author",412,"Yu Qiao 0001",975
"4:fad52c8e-5723-4858-b267-bba2f5249516:8392","Author",63,"Bin Fu",8392,"CO_AUTHORED_WITH",3,"4:fad52c8e-5723-4858-b267-bba2f5249516:975","Author",412,"Yu Qiao 0001",975
"4:fad52c8e-5723-4858-b267-bba2f5249516:8469","Author",67,"Shixiang Tang",8469,"CO_AUTHORED_WITH",1,"4:fad52c8e-5723-4858-b267-bba2f5249516:975","Author",412,"Yu Qiao 0001",975
"4:fad52c8e-5723-4858-b267-bba2f5249516:8471","Author",42,"Lu Chen 0001",8471,"CO_AUTHORED_WITH",1,"4:fad52c8e-5723-4858-b267-bba2f5249516:975","Author",412,"Yu Qiao 0001",975
"4:fad52c8e-5723-4858-b267-bba2f5249516:8601","Author",50,"Hong Liu",8601,"CO_AUTHORED_WITH",1,"4:fad52c8e-5723-4858-b267-bba2f5249516:975","Author",412,"Yu Qiao 0001",975
"4:fad52c8e-5723-4858-b267-bba2f5249516:8872","Author",57,"Wenhan Yang",8872,"CO_AUTHORED_WITH",1,"4:fad52c8e-5723-4858-b267-bba2f5249516:975","Author",412,"Yu Qiao 0001",975
"4:fad52c8e-5723-4858-b267-bba2f5249516:9381","Author",54,"Hao Wu",9381,"CO_AUTHORED_WITH",1,"4:fad52c8e-5723-4858-b267-bba2f5249516:975","Author",412,"Yu Qiao 0001",975
"4:fad52c8e-5723-4858-b267-bba2f5249516:9674","Author",60,"Tong He 0001",9674,"CO_AUTHORED_WITH",2,"4:fad52c8e-5723-4858-b267-bba2f5249516:975","Author",412,"Yu Qiao 0001",975
"4:fad52c8e-5723-4858-b267-bba2f5249516:9720","Author",52,"Yang Xiao",9720,"CO_AUTHORED_WITH",1,"4:fad52c8e-5723-4858-b267-bba2f5249516:975","Author",412,"Yu Qiao 0001",975
"4:fad52c8e-5723-4858-b267-bba2f5249516:10000","Author",32,"Hongbin Zhou",10000,"CO_AUTHORED_WITH",1,"4:fad52c8e-5723-4858-b267-bba2f5249516:975","Author",412,"Yu Qiao 0001",975
"4:fad52c8e-5723-4858-b267-bba2f5249516:10296","Author",58,"Mingyu Ding",10296,"CO_AUTHORED_WITH",1,"4:fad52c8e-5723-4858-b267-bba2f5249516:975","Author",412,"Yu Qiao 0001",975
"4:fad52c8e-5723-4858-b267-bba2f5249516:10544","Author",69,"Ming Hu",10544,"CO_AUTHORED_WITH",2,"4:fad52c8e-5723-4858-b267-bba2f5249516:975","Author",412,"Yu Qiao 0001",975
"4:fad52c8e-5723-4858-b267-bba2f5249516:10592","Author",37,"Li Niu 0002",10592,"CO_AUTHORED_WITH",1,"4:fad52c8e-5723-4858-b267-bba2f5249516:975","Author",412,"Yu Qiao 0001",975
"4:fad52c8e-5723-4858-b267-bba2f5249516:10697","Author",52,"Yangguang Li 0001",10697,"CO_AUTHORED_WITH",2,"4:fad52c8e-5723-4858-b267-bba2f5249516:975","Author",412,"Yu Qiao 0001",975
"4:fad52c8e-5723-4858-b267-bba2f5249516:10733","Author",20,"Longtian Qiu",10733,"CO_AUTHORED_WITH",1,"4:fad52c8e-5723-4858-b267-bba2f5249516:975","Author",412,"Yu Qiao 0001",975
"4:fad52c8e-5723-4858-b267-bba2f5249516:11242","Author",33,"Xianzheng Ma",11242,"CO_AUTHORED_WITH",2,"4:fad52c8e-5723-4858-b267-bba2f5249516:975","Author",412,"Yu Qiao 0001",975
"4:fad52c8e-5723-4858-b267-bba2f5249516:11285","Author",47,"Alex C. Kot",11285,"CO_AUTHORED_WITH",1,"4:fad52c8e-5723-4858-b267-bba2f5249516:975","Author",412,"Yu Qiao 0001",975
"4:fad52c8e-5723-4858-b267-bba2f5249516:11701","Author",47,"Lu Sheng",11701,"CO_AUTHORED_WITH",2,"4:fad52c8e-5723-4858-b267-bba2f5249516:975","Author",412,"Yu Qiao 0001",975
"4:fad52c8e-5723-4858-b267-bba2f5249516:11702","Author",39,"Jing Shao",11702,"CO_AUTHORED_WITH",2,"4:fad52c8e-5723-4858-b267-bba2f5249516:975","Author",412,"Yu Qiao 0001",975
"4:fad52c8e-5723-4858-b267-bba2f5249516:12231","Author",48,"Jin Wang",12231,"CO_AUTHORED_WITH",1,"4:fad52c8e-5723-4858-b267-bba2f5249516:975","Author",412,"Yu Qiao 0001",975
"4:fad52c8e-5723-4858-b267-bba2f5249516:12507","Author",21,"Yiwei Guo",12507,"CO_AUTHORED_WITH",1,"4:fad52c8e-5723-4858-b267-bba2f5249516:975","Author",412,"Yu Qiao 0001",975
"4:fad52c8e-5723-4858-b267-bba2f5249516:12635","Author",14,"Junyi Chen",12635,"CO_AUTHORED_WITH",1,"4:fad52c8e-5723-4858-b267-bba2f5249516:975","Author",412,"Yu Qiao 0001",975
"4:fad52c8e-5723-4858-b267-bba2f5249516:12636","Author",36,"Weicai Ye",12636,"CO_AUTHORED_WITH",1,"4:fad52c8e-5723-4858-b267-bba2f5249516:975","Author",412,"Yu Qiao 0001",975
"4:fad52c8e-5723-4858-b267-bba2f5249516:12637","Author",8,"Yifan Wang 0025",12637,"CO_AUTHORED_WITH",1,"4:fad52c8e-5723-4858-b267-bba2f5249516:975","Author",412,"Yu Qiao 0001",975
"4:fad52c8e-5723-4858-b267-bba2f5249516:12638","Author",19,"Danpeng Chen",12638,"CO_AUTHORED_WITH",1,"4:fad52c8e-5723-4858-b267-bba2f5249516:975","Author",412,"Yu Qiao 0001",975
"4:fad52c8e-5723-4858-b267-bba2f5249516:12639","Author",73,"Guofeng Zhang 0001",12639,"CO_AUTHORED_WITH",2,"4:fad52c8e-5723-4858-b267-bba2f5249516:975","Author",412,"Yu Qiao 0001",975
"4:fad52c8e-5723-4858-b267-bba2f5249516:12718","Author",8,"Xiangyu Chen 0006",12718,"CO_AUTHORED_WITH",1,"4:fad52c8e-5723-4858-b267-bba2f5249516:975","Author",412,"Yu Qiao 0001",975
"4:fad52c8e-5723-4858-b267-bba2f5249516:13251","Author",114,"Wenhai Wang",13251,"CO_AUTHORED_WITH",8,"4:fad52c8e-5723-4858-b267-bba2f5249516:975","Author",412,"Yu Qiao 0001",975
"4:fad52c8e-5723-4858-b267-bba2f5249516:13536","Author",27,"Gangshan Wu",13536,"CO_AUTHORED_WITH",1,"4:fad52c8e-5723-4858-b267-bba2f5249516:975","Author",412,"Yu Qiao 0001",975
"4:fad52c8e-5723-4858-b267-bba2f5249516:13596","Author",73,"Chao Xu",13596,"CO_AUTHORED_WITH",1,"4:fad52c8e-5723-4858-b267-bba2f5249516:975","Author",412,"Yu Qiao 0001",975
"4:fad52c8e-5723-4858-b267-bba2f5249516:14796","Author",35,"Lin Chen",14796,"CO_AUTHORED_WITH",1,"4:fad52c8e-5723-4858-b267-bba2f5249516:975","Author",412,"Yu Qiao 0001",975
"4:fad52c8e-5723-4858-b267-bba2f5249516:15284","Author",45,"Mengkang Hu",15284,"CO_AUTHORED_WITH",2,"4:fad52c8e-5723-4858-b267-bba2f5249516:975","Author",412,"Yu Qiao 0001",975
"4:fad52c8e-5723-4858-b267-bba2f5249516:15645","Author",49,"Chenyu Yang",15645,"CO_AUTHORED_WITH",1,"4:fad52c8e-5723-4858-b267-bba2f5249516:975","Author",412,"Yu Qiao 0001",975
"4:fad52c8e-5723-4858-b267-bba2f5249516:16111","Author",33,"Yixiu Liu",16111,"CO_AUTHORED_WITH",1,"4:fad52c8e-5723-4858-b267-bba2f5249516:975","Author",412,"Yu Qiao 0001",975
"4:fad52c8e-5723-4858-b267-bba2f5249516:16564","Author",37,"Xiaowei Hu 0001",16564,"CO_AUTHORED_WITH",1,"4:fad52c8e-5723-4858-b267-bba2f5249516:975","Author",412,"Yu Qiao 0001",975
"4:fad52c8e-5723-4858-b267-bba2f5249516:16797","Author",15,"Chenyu Zhang",16797,"CO_AUTHORED_WITH",1,"4:fad52c8e-5723-4858-b267-bba2f5249516:975","Author",412,"Yu Qiao 0001",975
"4:fad52c8e-5723-4858-b267-bba2f5249516:16927","Author",4,"Wenshuo Peng",16927,"CO_AUTHORED_WITH",1,"4:fad52c8e-5723-4858-b267-bba2f5249516:975","Author",412,"Yu Qiao 0001",975
"4:fad52c8e-5723-4858-b267-bba2f5249516:16928","Author",34,"Hao Zhang 0117",16928,"CO_AUTHORED_WITH",4,"4:fad52c8e-5723-4858-b267-bba2f5249516:975","Author",412,"Yu Qiao 0001",975
"4:fad52c8e-5723-4858-b267-bba2f5249516:16976","Author",58,"Fan Zhang",16976,"CO_AUTHORED_WITH",1,"4:fad52c8e-5723-4858-b267-bba2f5249516:975","Author",412,"Yu Qiao 0001",975
"4:fad52c8e-5723-4858-b267-bba2f5249516:17635","Author",44,"Weiyun Wang",17635,"CO_AUTHORED_WITH",1,"4:fad52c8e-5723-4858-b267-bba2f5249516:975","Author",412,"Yu Qiao 0001",975
"4:fad52c8e-5723-4858-b267-bba2f5249516:17655","Author",16,"Huabin Liu 0001",17655,"CO_AUTHORED_WITH",1,"4:fad52c8e-5723-4858-b267-bba2f5249516:975","Author",412,"Yu Qiao 0001",975
"4:fad52c8e-5723-4858-b267-bba2f5249516:17762","Author",26,"Jie Liu 0047",17762,"CO_AUTHORED_WITH",1,"4:fad52c8e-5723-4858-b267-bba2f5249516:975","Author",412,"Yu Qiao 0001",975
"4:fad52c8e-5723-4858-b267-bba2f5249516:18606","Author",33,"Yefei He",18606,"CO_AUTHORED_WITH",1,"4:fad52c8e-5723-4858-b267-bba2f5249516:975","Author",412,"Yu Qiao 0001",975
"4:fad52c8e-5723-4858-b267-bba2f5249516:18781","Author",9,"Haiyu Zhang",18781,"CO_AUTHORED_WITH",1,"4:fad52c8e-5723-4858-b267-bba2f5249516:975","Author",412,"Yu Qiao 0001",975
"4:fad52c8e-5723-4858-b267-bba2f5249516:19216","Author",76,"Lewei Lu",19216,"CO_AUTHORED_WITH",9,"4:fad52c8e-5723-4858-b267-bba2f5249516:975","Author",412,"Yu Qiao 0001",975
"4:fad52c8e-5723-4858-b267-bba2f5249516:19777","Author",28,"Xin Li 0110",19777,"CO_AUTHORED_WITH",1,"4:fad52c8e-5723-4858-b267-bba2f5249516:975","Author",412,"Yu Qiao 0001",975
"4:fad52c8e-5723-4858-b267-bba2f5249516:20009","Author",38,"Li Jiang 0009",20009,"CO_AUTHORED_WITH",1,"4:fad52c8e-5723-4858-b267-bba2f5249516:975","Author",412,"Yu Qiao 0001",975
"4:fad52c8e-5723-4858-b267-bba2f5249516:20854","Author",53,"Songyang Zhang 0001",20854,"CO_AUTHORED_WITH",1,"4:fad52c8e-5723-4858-b267-bba2f5249516:975","Author",412,"Yu Qiao 0001",975
"4:fad52c8e-5723-4858-b267-bba2f5249516:20962","Author",45,"Xiaogang Wang 0001",20962,"CO_AUTHORED_WITH",1,"4:fad52c8e-5723-4858-b267-bba2f5249516:975","Author",412,"Yu Qiao 0001",975
"4:fad52c8e-5723-4858-b267-bba2f5249516:21758","Author",36,"Tianbin Li",21758,"CO_AUTHORED_WITH",4,"4:fad52c8e-5723-4858-b267-bba2f5249516:975","Author",412,"Yu Qiao 0001",975
"4:fad52c8e-5723-4858-b267-bba2f5249516:21759","Author",31,"Yanzhou Su",21759,"CO_AUTHORED_WITH",2,"4:fad52c8e-5723-4858-b267-bba2f5249516:975","Author",412,"Yu Qiao 0001",975
"4:fad52c8e-5723-4858-b267-bba2f5249516:21760","Author",49,"Wei Li 0320",21760,"CO_AUTHORED_WITH",3,"4:fad52c8e-5723-4858-b267-bba2f5249516:975","Author",412,"Yu Qiao 0001",975
"4:fad52c8e-5723-4858-b267-bba2f5249516:21763","Author",32,"Guoan Wang",21763,"CO_AUTHORED_WITH",3,"4:fad52c8e-5723-4858-b267-bba2f5249516:975","Author",412,"Yu Qiao 0001",975
"4:fad52c8e-5723-4858-b267-bba2f5249516:21764","Author",18,"Chenglong Ma 0002",21764,"CO_AUTHORED_WITH",1,"4:fad52c8e-5723-4858-b267-bba2f5249516:975","Author",412,"Yu Qiao 0001",975
"4:fad52c8e-5723-4858-b267-bba2f5249516:21765","Author",25,"Yanjun Li 0007",21765,"CO_AUTHORED_WITH",3,"4:fad52c8e-5723-4858-b267-bba2f5249516:975","Author",412,"Yu Qiao 0001",975
"4:fad52c8e-5723-4858-b267-bba2f5249516:21766","Author",24,"Pengcheng Chen",21766,"CO_AUTHORED_WITH",2,"4:fad52c8e-5723-4858-b267-bba2f5249516:975","Author",412,"Yu Qiao 0001",975
"4:fad52c8e-5723-4858-b267-bba2f5249516:21769","Author",82,"Jin Ye 0002",21769,"CO_AUTHORED_WITH",3,"4:fad52c8e-5723-4858-b267-bba2f5249516:975","Author",412,"Yu Qiao 0001",975
"4:fad52c8e-5723-4858-b267-bba2f5249516:21770","Author",106,"Junjun He",21770,"CO_AUTHORED_WITH",6,"4:fad52c8e-5723-4858-b267-bba2f5249516:975","Author",412,"Yu Qiao 0001",975
"4:fad52c8e-5723-4858-b267-bba2f5249516:21998","Author",54,"Bin Wang 0065",21998,"CO_AUTHORED_WITH",1,"4:fad52c8e-5723-4858-b267-bba2f5249516:975","Author",412,"Yu Qiao 0001",975
"4:fad52c8e-5723-4858-b267-bba2f5249516:22002","Author",82,"Pan Zhang 0001",22002,"CO_AUTHORED_WITH",4,"4:fad52c8e-5723-4858-b267-bba2f5249516:975","Author",412,"Yu Qiao 0001",975
"4:fad52c8e-5723-4858-b267-bba2f5249516:22003","Author",77,"Xiaoyi Dong",22003,"CO_AUTHORED_WITH",4,"4:fad52c8e-5723-4858-b267-bba2f5249516:975","Author",412,"Yu Qiao 0001",975
"4:fad52c8e-5723-4858-b267-bba2f5249516:22286","Author",18,"Xuan Luo",22286,"CO_AUTHORED_WITH",1,"4:fad52c8e-5723-4858-b267-bba2f5249516:975","Author",412,"Yu Qiao 0001",975
"4:fad52c8e-5723-4858-b267-bba2f5249516:22767","Author",69,"Ruimao Zhang",22767,"CO_AUTHORED_WITH",1,"4:fad52c8e-5723-4858-b267-bba2f5249516:975","Author",412,"Yu Qiao 0001",975
"4:fad52c8e-5723-4858-b267-bba2f5249516:23164","Author",43,"Gen Luo",23164,"CO_AUTHORED_WITH",1,"4:fad52c8e-5723-4858-b267-bba2f5249516:975","Author",412,"Yu Qiao 0001",975
"4:fad52c8e-5723-4858-b267-bba2f5249516:23307","Author",35,"Yiming Ren",23307,"CO_AUTHORED_WITH",1,"4:fad52c8e-5723-4858-b267-bba2f5249516:975","Author",412,"Yu Qiao 0001",975
"4:fad52c8e-5723-4858-b267-bba2f5249516:23655","Author",76,"Jie Zhou 0001",23655,"CO_AUTHORED_WITH",4,"4:fad52c8e-5723-4858-b267-bba2f5249516:975","Author",412,"Yu Qiao 0001",975
"4:fad52c8e-5723-4858-b267-bba2f5249516:24271","Author",26,"Rongshan Yu",24271,"CO_AUTHORED_WITH",1,"4:fad52c8e-5723-4858-b267-bba2f5249516:975","Author",412,"Yu Qiao 0001",975
"4:fad52c8e-5723-4858-b267-bba2f5249516:24416","Author",55,"Hao Li 0069",24416,"CO_AUTHORED_WITH",2,"4:fad52c8e-5723-4858-b267-bba2f5249516:975","Author",412,"Yu Qiao 0001",975
"4:fad52c8e-5723-4858-b267-bba2f5249516:24417","Author",31,"Shuai Yang 0001",24417,"CO_AUTHORED_WITH",1,"4:fad52c8e-5723-4858-b267-bba2f5249516:975","Author",412,"Yu Qiao 0001",975
"4:fad52c8e-5723-4858-b267-bba2f5249516:24442","Author",83,"Yong Liu 0007",24442,"CO_AUTHORED_WITH",1,"4:fad52c8e-5723-4858-b267-bba2f5249516:975","Author",412,"Yu Qiao 0001",975
"4:fad52c8e-5723-4858-b267-bba2f5249516:25121","Author",12,"Bingkun Huang",25121,"CO_AUTHORED_WITH",1,"4:fad52c8e-5723-4858-b267-bba2f5249516:975","Author",412,"Yu Qiao 0001",975
"4:fad52c8e-5723-4858-b267-bba2f5249516:25343","Author",33,"Peng Jin",25343,"CO_AUTHORED_WITH",1,"4:fad52c8e-5723-4858-b267-bba2f5249516:975","Author",412,"Yu Qiao 0001",975
"4:fad52c8e-5723-4858-b267-bba2f5249516:25919","Author",17,"Yixu Wang",25919,"CO_AUTHORED_WITH",1,"4:fad52c8e-5723-4858-b267-bba2f5249516:975","Author",412,"Yu Qiao 0001",975
"4:fad52c8e-5723-4858-b267-bba2f5249516:25921","Author",17,"Yan Teng 0002",25921,"CO_AUTHORED_WITH",1,"4:fad52c8e-5723-4858-b267-bba2f5249516:975","Author",412,"Yu Qiao 0001",975
"4:fad52c8e-5723-4858-b267-bba2f5249516:25922","Author",17,"Yingchun Wang 0004",25922,"CO_AUTHORED_WITH",1,"4:fad52c8e-5723-4858-b267-bba2f5249516:975","Author",412,"Yu Qiao 0001",975
"4:fad52c8e-5723-4858-b267-bba2f5249516:26084","Author",31,"Xinyu Gao",26084,"CO_AUTHORED_WITH",1,"4:fad52c8e-5723-4858-b267-bba2f5249516:975","Author",412,"Yu Qiao 0001",975
"4:fad52c8e-5723-4858-b267-bba2f5249516:26570","Author",11,"Yanbo Ding",26570,"CO_AUTHORED_WITH",1,"4:fad52c8e-5723-4858-b267-bba2f5249516:975","Author",412,"Yu Qiao 0001",975
"4:fad52c8e-5723-4858-b267-bba2f5249516:26571","Author",25,"Shaobin Zhuang",26571,"CO_AUTHORED_WITH",3,"4:fad52c8e-5723-4858-b267-bba2f5249516:975","Author",412,"Yu Qiao 0001",975
"4:fad52c8e-5723-4858-b267-bba2f5249516:26572","Author",27,"Kunchang Li 0002",26572,"CO_AUTHORED_WITH",5,"4:fad52c8e-5723-4858-b267-bba2f5249516:975","Author",412,"Yu Qiao 0001",975
"4:fad52c8e-5723-4858-b267-bba2f5249516:26751","Author",15,"Feipeng Da",26751,"CO_AUTHORED_WITH",1,"4:fad52c8e-5723-4858-b267-bba2f5249516:975","Author",412,"Yu Qiao 0001",975
"4:fad52c8e-5723-4858-b267-bba2f5249516:27956","Author",16,"Tao Ma 0002",27956,"CO_AUTHORED_WITH",1,"4:fad52c8e-5723-4858-b267-bba2f5249516:975","Author",412,"Yu Qiao 0001",975
"4:fad52c8e-5723-4858-b267-bba2f5249516:27981","Author",62,"Pengfei Liu 0003",27981,"CO_AUTHORED_WITH",1,"4:fad52c8e-5723-4858-b267-bba2f5249516:975","Author",412,"Yu Qiao 0001",975
"4:fad52c8e-5723-4858-b267-bba2f5249516:28327","Author",27,"Youjian Zhao",28327,"CO_AUTHORED_WITH",2,"4:fad52c8e-5723-4858-b267-bba2f5249516:975","Author",412,"Yu Qiao 0001",975
"4:fad52c8e-5723-4858-b267-bba2f5249516:28907","Author",11,"Xiao Sun 0001",28907,"CO_AUTHORED_WITH",2,"4:fad52c8e-5723-4858-b267-bba2f5249516:975","Author",412,"Yu Qiao 0001",975
"4:fad52c8e-5723-4858-b267-bba2f5249516:28908","Author",12,"Tatsuya Harada",28908,"CO_AUTHORED_WITH",1,"4:fad52c8e-5723-4858-b267-bba2f5249516:975","Author",412,"Yu Qiao 0001",975
"4:fad52c8e-5723-4858-b267-bba2f5249516:29029","Author",72,"Xiangyu Yue 0001",29029,"CO_AUTHORED_WITH",2,"4:fad52c8e-5723-4858-b267-bba2f5249516:975","Author",412,"Yu Qiao 0001",975
"4:fad52c8e-5723-4858-b267-bba2f5249516:29520","Author",13,"Tianle Gu",29520,"CO_AUTHORED_WITH",1,"4:fad52c8e-5723-4858-b267-bba2f5249516:975","Author",412,"Yu Qiao 0001",975
"4:fad52c8e-5723-4858-b267-bba2f5249516:29684","Author",19,"Pinlong Cai",29684,"CO_AUTHORED_WITH",1,"4:fad52c8e-5723-4858-b267-bba2f5249516:975","Author",412,"Yu Qiao 0001",975
"4:fad52c8e-5723-4858-b267-bba2f5249516:29687","Author",61,"Botian Shi",29687,"CO_AUTHORED_WITH",2,"4:fad52c8e-5723-4858-b267-bba2f5249516:975","Author",412,"Yu Qiao 0001",975
"4:fad52c8e-5723-4858-b267-bba2f5249516:29873","Author",31,"Wenze Liu",29873,"CO_AUTHORED_WITH",1,"4:fad52c8e-5723-4858-b267-bba2f5249516:975","Author",412,"Yu Qiao 0001",975
"4:fad52c8e-5723-4858-b267-bba2f5249516:30268","Author",25,"Jianbiao Mei",30268,"CO_AUTHORED_WITH",1,"4:fad52c8e-5723-4858-b267-bba2f5249516:975","Author",412,"Yu Qiao 0001",975
"4:fad52c8e-5723-4858-b267-bba2f5249516:30979","Author",43,"Hao Shao",30979,"CO_AUTHORED_WITH",1,"4:fad52c8e-5723-4858-b267-bba2f5249516:975","Author",412,"Yu Qiao 0001",975
"4:fad52c8e-5723-4858-b267-bba2f5249516:31304","Author",13,"Xiaoxue Wu",31304,"CO_AUTHORED_WITH",1,"4:fad52c8e-5723-4858-b267-bba2f5249516:975","Author",412,"Yu Qiao 0001",975
"4:fad52c8e-5723-4858-b267-bba2f5249516:31790","Author",17,"Lijin Yang",31790,"CO_AUTHORED_WITH",1,"4:fad52c8e-5723-4858-b267-bba2f5249516:975","Author",412,"Yu Qiao 0001",975
"4:fad52c8e-5723-4858-b267-bba2f5249516:32401","Author",20,"Chenchen Jing",32401,"CO_AUTHORED_WITH",1,"4:fad52c8e-5723-4858-b267-bba2f5249516:975","Author",412,"Yu Qiao 0001",975
"4:fad52c8e-5723-4858-b267-bba2f5249516:32670","Author",29,"Shijie Xia",32670,"CO_AUTHORED_WITH",1,"4:fad52c8e-5723-4858-b267-bba2f5249516:975","Author",412,"Yu Qiao 0001",975
"4:fad52c8e-5723-4858-b267-bba2f5249516:32671","Author",30,"Xuefeng Li 0003",32671,"CO_AUTHORED_WITH",1,"4:fad52c8e-5723-4858-b267-bba2f5249516:975","Author",412,"Yu Qiao 0001",975
"4:fad52c8e-5723-4858-b267-bba2f5249516:32719","Author",62,"Han Xiao 0010",32719,"CO_AUTHORED_WITH",1,"4:fad52c8e-5723-4858-b267-bba2f5249516:975","Author",412,"Yu Qiao 0001",975
"4:fad52c8e-5723-4858-b267-bba2f5249516:32987","Author",30,"Yizhou Wang 0001",32987,"CO_AUTHORED_WITH",2,"4:fad52c8e-5723-4858-b267-bba2f5249516:975","Author",412,"Yu Qiao 0001",975
"4:fad52c8e-5723-4858-b267-bba2f5249516:33151","Author",38,"Pan Lu",33151,"CO_AUTHORED_WITH",1,"4:fad52c8e-5723-4858-b267-bba2f5249516:975","Author",412,"Yu Qiao 0001",975
"4:fad52c8e-5723-4858-b267-bba2f5249516:33275","Author",6,"Yihao Liu 0001",33275,"CO_AUTHORED_WITH",1,"4:fad52c8e-5723-4858-b267-bba2f5249516:975","Author",412,"Yu Qiao 0001",975
"4:fad52c8e-5723-4858-b267-bba2f5249516:33276","Author",31,"Chao Dong 0005",33276,"CO_AUTHORED_WITH",2,"4:fad52c8e-5723-4858-b267-bba2f5249516:975","Author",412,"Yu Qiao 0001",975
"4:fad52c8e-5723-4858-b267-bba2f5249516:33785","Author",23,"Kaining Ying",33785,"CO_AUTHORED_WITH",2,"4:fad52c8e-5723-4858-b267-bba2f5249516:975","Author",412,"Yu Qiao 0001",975
"4:fad52c8e-5723-4858-b267-bba2f5249516:33786","Author",25,"Fanqing Meng",33786,"CO_AUTHORED_WITH",1,"4:fad52c8e-5723-4858-b267-bba2f5249516:975","Author",412,"Yu Qiao 0001",975
"4:fad52c8e-5723-4858-b267-bba2f5249516:33788","Author",27,"Han Lin",33788,"CO_AUTHORED_WITH",1,"4:fad52c8e-5723-4858-b267-bba2f5249516:975","Author",412,"Yu Qiao 0001",975
"4:fad52c8e-5723-4858-b267-bba2f5249516:33789","Author",21,"Wenbo Zhang 0009",33789,"CO_AUTHORED_WITH",1,"4:fad52c8e-5723-4858-b267-bba2f5249516:975","Author",412,"Yu Qiao 0001",975
"4:fad52c8e-5723-4858-b267-bba2f5249516:33790","Author",21,"Jiayi Lei",33790,"CO_AUTHORED_WITH",1,"4:fad52c8e-5723-4858-b267-bba2f5249516:975","Author",412,"Yu Qiao 0001",975
"4:fad52c8e-5723-4858-b267-bba2f5249516:33791","Author",28,"Quanfeng Lu",33791,"CO_AUTHORED_WITH",2,"4:fad52c8e-5723-4858-b267-bba2f5249516:975","Author",412,"Yu Qiao 0001",975
"4:fad52c8e-5723-4858-b267-bba2f5249516:33792","Author",42,"Runjian Chen",33792,"CO_AUTHORED_WITH",3,"4:fad52c8e-5723-4858-b267-bba2f5249516:975","Author",412,"Yu Qiao 0001",975
"4:fad52c8e-5723-4858-b267-bba2f5249516:33793","Author",21,"Peng Xu 0035",33793,"CO_AUTHORED_WITH",1,"4:fad52c8e-5723-4858-b267-bba2f5249516:975","Author",412,"Yu Qiao 0001",975
"4:fad52c8e-5723-4858-b267-bba2f5249516:33794","Author",21,"Haozhe Zhang 0002",33794,"CO_AUTHORED_WITH",1,"4:fad52c8e-5723-4858-b267-bba2f5249516:975","Author",412,"Yu Qiao 0001",975
"4:fad52c8e-5723-4858-b267-bba2f5249516:33976","Author",166,"Hengshuang Zhao",33976,"CO_AUTHORED_WITH",2,"4:fad52c8e-5723-4858-b267-bba2f5249516:975","Author",412,"Yu Qiao 0001",975
"4:fad52c8e-5723-4858-b267-bba2f5249516:34162","Author",77,"Yao Mu 0001",34162,"CO_AUTHORED_WITH",1,"4:fad52c8e-5723-4858-b267-bba2f5249516:975","Author",412,"Yu Qiao 0001",975
"4:fad52c8e-5723-4858-b267-bba2f5249516:34913","Author",23,"Sen Xing",34913,"CO_AUTHORED_WITH",3,"4:fad52c8e-5723-4858-b267-bba2f5249516:975","Author",412,"Yu Qiao 0001",975
"4:fad52c8e-5723-4858-b267-bba2f5249516:34914","Author",19,"Muyan Zhong",34914,"CO_AUTHORED_WITH",2,"4:fad52c8e-5723-4858-b267-bba2f5249516:975","Author",412,"Yu Qiao 0001",975
"4:fad52c8e-5723-4858-b267-bba2f5249516:34916","Author",19,"Jiawen Liu",34916,"CO_AUTHORED_WITH",2,"4:fad52c8e-5723-4858-b267-bba2f5249516:975","Author",412,"Yu Qiao 0001",975
"4:fad52c8e-5723-4858-b267-bba2f5249516:35055","Author",33,"Jinlan Fu",35055,"CO_AUTHORED_WITH",1,"4:fad52c8e-5723-4858-b267-bba2f5249516:975","Author",412,"Yu Qiao 0001",975
"4:fad52c8e-5723-4858-b267-bba2f5249516:35095","Author",114,"Kai Chen 0026",35095,"CO_AUTHORED_WITH",1,"4:fad52c8e-5723-4858-b267-bba2f5249516:975","Author",412,"Yu Qiao 0001",975
"4:fad52c8e-5723-4858-b267-bba2f5249516:35277","Author",65,"Bo Zhang 0069",35277,"CO_AUTHORED_WITH",2,"4:fad52c8e-5723-4858-b267-bba2f5249516:975","Author",412,"Yu Qiao 0001",975
"4:fad52c8e-5723-4858-b267-bba2f5249516:35290","Author",9,"Hailong Shang",35290,"CO_AUTHORED_WITH",1,"4:fad52c8e-5723-4858-b267-bba2f5249516:975","Author",412,"Yu Qiao 0001",975
"4:fad52c8e-5723-4858-b267-bba2f5249516:35501","Author",33,"Dongyang Liu",35501,"CO_AUTHORED_WITH",2,"4:fad52c8e-5723-4858-b267-bba2f5249516:975","Author",412,"Yu Qiao 0001",975
"4:fad52c8e-5723-4858-b267-bba2f5249516:35502","Author",28,"Siyuan Huang 0004",35502,"CO_AUTHORED_WITH",1,"4:fad52c8e-5723-4858-b267-bba2f5249516:975","Author",412,"Yu Qiao 0001",975
"4:fad52c8e-5723-4858-b267-bba2f5249516:35503","Author",22,"Shitian Zhao",35503,"CO_AUTHORED_WITH",1,"4:fad52c8e-5723-4858-b267-bba2f5249516:975","Author",412,"Yu Qiao 0001",975
"4:fad52c8e-5723-4858-b267-bba2f5249516:35504","Author",27,"Shijie Geng",35504,"CO_AUTHORED_WITH",1,"4:fad52c8e-5723-4858-b267-bba2f5249516:975","Author",412,"Yu Qiao 0001",975
"4:fad52c8e-5723-4858-b267-bba2f5249516:35658","Author",18,"Junting Chen",35658,"CO_AUTHORED_WITH",1,"4:fad52c8e-5723-4858-b267-bba2f5249516:975","Author",412,"Yu Qiao 0001",975
"4:fad52c8e-5723-4858-b267-bba2f5249516:35659","Author",36,"Qinglong Zhang",35659,"CO_AUTHORED_WITH",2,"4:fad52c8e-5723-4858-b267-bba2f5249516:975","Author",412,"Yu Qiao 0001",975
"4:fad52c8e-5723-4858-b267-bba2f5249516:35660","Author",45,"Shoufa Chen",35660,"CO_AUTHORED_WITH",1,"4:fad52c8e-5723-4858-b267-bba2f5249516:975","Author",412,"Yu Qiao 0001",975
"4:fad52c8e-5723-4858-b267-bba2f5249516:35661","Author",35,"Qiaojun Yu",35661,"CO_AUTHORED_WITH",1,"4:fad52c8e-5723-4858-b267-bba2f5249516:975","Author",412,"Yu Qiao 0001",975
"4:fad52c8e-5723-4858-b267-bba2f5249516:35662","Author",29,"Chaofan Tao",35662,"CO_AUTHORED_WITH",1,"4:fad52c8e-5723-4858-b267-bba2f5249516:975","Author",412,"Yu Qiao 0001",975
"4:fad52c8e-5723-4858-b267-bba2f5249516:35663","Author",37,"Peize Sun",35663,"CO_AUTHORED_WITH",1,"4:fad52c8e-5723-4858-b267-bba2f5249516:975","Author",412,"Yu Qiao 0001",975
"4:fad52c8e-5723-4858-b267-bba2f5249516:36177","Author",8,"Xinwei Sun 0001",36177,"CO_AUTHORED_WITH",1,"4:fad52c8e-5723-4858-b267-bba2f5249516:975","Author",412,"Yu Qiao 0001",975
"4:fad52c8e-5723-4858-b267-bba2f5249516:36181","Author",69,"Benyou Wang",36181,"CO_AUTHORED_WITH",1,"4:fad52c8e-5723-4858-b267-bba2f5249516:975","Author",412,"Yu Qiao 0001",975
"4:fad52c8e-5723-4858-b267-bba2f5249516:36490","Author",5,"Mingzhou Liu 0001",36490,"CO_AUTHORED_WITH",1,"4:fad52c8e-5723-4858-b267-bba2f5249516:975","Author",412,"Yu Qiao 0001",975
"4:fad52c8e-5723-4858-b267-bba2f5249516:36974","Author",8,"Wentao Zhu 0004",36974,"CO_AUTHORED_WITH",1,"4:fad52c8e-5723-4858-b267-bba2f5249516:975","Author",412,"Yu Qiao 0001",975
"4:fad52c8e-5723-4858-b267-bba2f5249516:36999","Author",100,"Limin Wang 0002",36999,"CO_AUTHORED_WITH",6,"4:fad52c8e-5723-4858-b267-bba2f5249516:975","Author",412,"Yu Qiao 0001",975
"4:fad52c8e-5723-4858-b267-bba2f5249516:38153","Author",28,"Penghao Wu",38153,"CO_AUTHORED_WITH",1,"4:fad52c8e-5723-4858-b267-bba2f5249516:975","Author",412,"Yu Qiao 0001",975
"4:fad52c8e-5723-4858-b267-bba2f5249516:39624","Author",67,"Jianfei Cai 0001",39624,"CO_AUTHORED_WITH",1,"4:fad52c8e-5723-4858-b267-bba2f5249516:975","Author",412,"Yu Qiao 0001",975
"4:fad52c8e-5723-4858-b267-bba2f5249516:40261","Author",15,"Yiran Qin",40261,"CO_AUTHORED_WITH",1,"4:fad52c8e-5723-4858-b267-bba2f5249516:975","Author",412,"Yu Qiao 0001",975
"4:fad52c8e-5723-4858-b267-bba2f5249516:40264","Author",124,"Xihui Liu",40264,"CO_AUTHORED_WITH",2,"4:fad52c8e-5723-4858-b267-bba2f5249516:975","Author",412,"Yu Qiao 0001",975
"4:fad52c8e-5723-4858-b267-bba2f5249516:40461","Author",46,"Kexin Huang",40461,"CO_AUTHORED_WITH",1,"4:fad52c8e-5723-4858-b267-bba2f5249516:975","Author",412,"Yu Qiao 0001",975
"4:fad52c8e-5723-4858-b267-bba2f5249516:40548","Author",38,"Fan Zhou",40548,"CO_AUTHORED_WITH",1,"4:fad52c8e-5723-4858-b267-bba2f5249516:975","Author",412,"Yu Qiao 0001",975
"4:fad52c8e-5723-4858-b267-bba2f5249516:42514","Author",15,"Haiquan Zhao 0002",42514,"CO_AUTHORED_WITH",1,"4:fad52c8e-5723-4858-b267-bba2f5249516:975","Author",412,"Yu Qiao 0001",975
"4:fad52c8e-5723-4858-b267-bba2f5249516:43004","Author",59,"Shaoting Zhang 0001",43004,"CO_AUTHORED_WITH",2,"4:fad52c8e-5723-4858-b267-bba2f5249516:975","Author",412,"Yu Qiao 0001",975
"4:fad52c8e-5723-4858-b267-bba2f5249516:44126","Author",57,"Xiaoyang Wu 0002",44126,"CO_AUTHORED_WITH",1,"4:fad52c8e-5723-4858-b267-bba2f5249516:975","Author",412,"Yu Qiao 0001",975
"4:fad52c8e-5723-4858-b267-bba2f5249516:44177","Author",36,"Bin Li 0025",44177,"CO_AUTHORED_WITH",2,"4:fad52c8e-5723-4858-b267-bba2f5249516:975","Author",412,"Yu Qiao 0001",975
"4:fad52c8e-5723-4858-b267-bba2f5249516:44321","Author",21,"Kun Wang",44321,"CO_AUTHORED_WITH",1,"4:fad52c8e-5723-4858-b267-bba2f5249516:975","Author",412,"Yu Qiao 0001",975
"4:fad52c8e-5723-4858-b267-bba2f5249516:44454","Author",23,"Xilin Wei",44454,"CO_AUTHORED_WITH",2,"4:fad52c8e-5723-4858-b267-bba2f5249516:975","Author",412,"Yu Qiao 0001",975
"4:fad52c8e-5723-4858-b267-bba2f5249516:44456","Author",76,"Haodong Duan",44456,"CO_AUTHORED_WITH",4,"4:fad52c8e-5723-4858-b267-bba2f5249516:975","Author",412,"Yu Qiao 0001",975
"4:fad52c8e-5723-4858-b267-bba2f5249516:44796","Author",43,"Xingcheng Zhang",44796,"CO_AUTHORED_WITH",1,"4:fad52c8e-5723-4858-b267-bba2f5249516:975","Author",412,"Yu Qiao 0001",975
"4:fad52c8e-5723-4858-b267-bba2f5249516:46998","Author",22,"Weijie Su 0002",46998,"CO_AUTHORED_WITH",2,"4:fad52c8e-5723-4858-b267-bba2f5249516:975","Author",412,"Yu Qiao 0001",975
"4:fad52c8e-5723-4858-b267-bba2f5249516:46999","Author",55,"Xizhou Zhu",46999,"CO_AUTHORED_WITH",10,"4:fad52c8e-5723-4858-b267-bba2f5249516:975","Author",412,"Yu Qiao 0001",975
"4:fad52c8e-5723-4858-b267-bba2f5249516:47687","Author",17,"Xi Chen 0072",47687,"CO_AUTHORED_WITH",1,"4:fad52c8e-5723-4858-b267-bba2f5249516:975","Author",412,"Yu Qiao 0001",975
"4:fad52c8e-5723-4858-b267-bba2f5249516:49560","Author",25,"Xinyu Cai",49560,"CO_AUTHORED_WITH",1,"4:fad52c8e-5723-4858-b267-bba2f5249516:975","Author",412,"Yu Qiao 0001",975
"4:fad52c8e-5723-4858-b267-bba2f5249516:49791","Author",43,"Xue Yang 0005",49791,"CO_AUTHORED_WITH",4,"4:fad52c8e-5723-4858-b267-bba2f5249516:975","Author",412,"Yu Qiao 0001",975
"4:fad52c8e-5723-4858-b267-bba2f5249516:49918","Author",27,"Le Zhuo",49918,"CO_AUTHORED_WITH",1,"4:fad52c8e-5723-4858-b267-bba2f5249516:975","Author",412,"Yu Qiao 0001",975
"4:fad52c8e-5723-4858-b267-bba2f5249516:49966","Author",22,"Ruoyi Du",49966,"CO_AUTHORED_WITH",1,"4:fad52c8e-5723-4858-b267-bba2f5249516:975","Author",412,"Yu Qiao 0001",975
"4:fad52c8e-5723-4858-b267-bba2f5249516:50282","Author",7,"Bingjie Gao",50282,"CO_AUTHORED_WITH",1,"4:fad52c8e-5723-4858-b267-bba2f5249516:975","Author",412,"Yu Qiao 0001",975
"4:fad52c8e-5723-4858-b267-bba2f5249516:50343","Author",18,"Lanqing Guo",50343,"CO_AUTHORED_WITH",1,"4:fad52c8e-5723-4858-b267-bba2f5249516:975","Author",412,"Yu Qiao 0001",975
"4:fad52c8e-5723-4858-b267-bba2f5249516:50534","Author",16,"Xiaoxuan Ma 0001",50534,"CO_AUTHORED_WITH",1,"4:fad52c8e-5723-4858-b267-bba2f5249516:975","Author",412,"Yu Qiao 0001",975
"4:fad52c8e-5723-4858-b267-bba2f5249516:50697","Author",38,"Fu-Yun Wang",50697,"CO_AUTHORED_WITH",1,"4:fad52c8e-5723-4858-b267-bba2f5249516:975","Author",412,"Yu Qiao 0001",975
"4:fad52c8e-5723-4858-b267-bba2f5249516:50719","Author",107,"Bo Dai 0002",50719,"CO_AUTHORED_WITH",2,"4:fad52c8e-5723-4858-b267-bba2f5249516:975","Author",412,"Yu Qiao 0001",975
"4:fad52c8e-5723-4858-b267-bba2f5249516:50749","Author",11,"Jiaming Han",50749,"CO_AUTHORED_WITH",1,"4:fad52c8e-5723-4858-b267-bba2f5249516:975","Author",412,"Yu Qiao 0001",975
"4:fad52c8e-5723-4858-b267-bba2f5249516:51074","Author",19,"Lap-Pui Chau",51074,"CO_AUTHORED_WITH",1,"4:fad52c8e-5723-4858-b267-bba2f5249516:975","Author",412,"Yu Qiao 0001",975
"4:fad52c8e-5723-4858-b267-bba2f5249516:51138","Author",75,"Andreas Geiger 0001",51138,"CO_AUTHORED_WITH",1,"4:fad52c8e-5723-4858-b267-bba2f5249516:975","Author",412,"Yu Qiao 0001",975
"4:fad52c8e-5723-4858-b267-bba2f5249516:51299","Author",9,"Bo Zou",51299,"CO_AUTHORED_WITH",2,"4:fad52c8e-5723-4858-b267-bba2f5249516:975","Author",412,"Yu Qiao 0001",975
"4:fad52c8e-5723-4858-b267-bba2f5249516:51300","Author",9,"Chengbin Quan",51300,"CO_AUTHORED_WITH",2,"4:fad52c8e-5723-4858-b267-bba2f5249516:975","Author",412,"Yu Qiao 0001",975
"4:fad52c8e-5723-4858-b267-bba2f5249516:51938","Author",15,"Hao Wen",51938,"CO_AUTHORED_WITH",1,"4:fad52c8e-5723-4858-b267-bba2f5249516:975","Author",412,"Yu Qiao 0001",975
"4:fad52c8e-5723-4858-b267-bba2f5249516:52210","Author",63,"Yining Li",52210,"CO_AUTHORED_WITH",1,"4:fad52c8e-5723-4858-b267-bba2f5249516:975","Author",412,"Yu Qiao 0001",975
"4:fad52c8e-5723-4858-b267-bba2f5249516:52274","Author",13,"Jiazhi Yang",52274,"CO_AUTHORED_WITH",1,"4:fad52c8e-5723-4858-b267-bba2f5249516:975","Author",412,"Yu Qiao 0001",975
"4:fad52c8e-5723-4858-b267-bba2f5249516:52275","Author",13,"Yihang Qiu",52275,"CO_AUTHORED_WITH",1,"4:fad52c8e-5723-4858-b267-bba2f5249516:975","Author",412,"Yu Qiao 0001",975
"4:fad52c8e-5723-4858-b267-bba2f5249516:52276","Author",21,"Li Chen 0008",52276,"CO_AUTHORED_WITH",1,"4:fad52c8e-5723-4858-b267-bba2f5249516:975","Author",412,"Yu Qiao 0001",975
"4:fad52c8e-5723-4858-b267-bba2f5249516:52277","Author",21,"Tianyu Li 0004",52277,"CO_AUTHORED_WITH",1,"4:fad52c8e-5723-4858-b267-bba2f5249516:975","Author",412,"Yu Qiao 0001",975
"4:fad52c8e-5723-4858-b267-bba2f5249516:52278","Author",21,"Kashyap Chitta",52278,"CO_AUTHORED_WITH",1,"4:fad52c8e-5723-4858-b267-bba2f5249516:975","Author",412,"Yu Qiao 0001",975
"4:fad52c8e-5723-4858-b267-bba2f5249516:52674","Author",18,"Chenxin Tao",52674,"CO_AUTHORED_WITH",2,"4:fad52c8e-5723-4858-b267-bba2f5249516:975","Author",412,"Yu Qiao 0001",975
"4:fad52c8e-5723-4858-b267-bba2f5249516:52675","Author",14,"Shiqian Su",52675,"CO_AUTHORED_WITH",2,"4:fad52c8e-5723-4858-b267-bba2f5249516:975","Author",412,"Yu Qiao 0001",975
"4:fad52c8e-5723-4858-b267-bba2f5249516:52676","Author",37,"Junting Dong",52676,"CO_AUTHORED_WITH",1,"4:fad52c8e-5723-4858-b267-bba2f5249516:975","Author",412,"Yu Qiao 0001",975
"4:fad52c8e-5723-4858-b267-bba2f5249516:53129","Author",41,"Jingwen Li",53129,"CO_AUTHORED_WITH",1,"4:fad52c8e-5723-4858-b267-bba2f5249516:975","Author",412,"Yu Qiao 0001",975
"4:fad52c8e-5723-4858-b267-bba2f5249516:53565","Author",48,"Yang Gao 0042",53565,"CO_AUTHORED_WITH",1,"4:fad52c8e-5723-4858-b267-bba2f5249516:975","Author",412,"Yu Qiao 0001",975
"4:fad52c8e-5723-4858-b267-bba2f5249516:53697","Author",19,"Yiyuan Zhang",53697,"CO_AUTHORED_WITH",1,"4:fad52c8e-5723-4858-b267-bba2f5249516:975","Author",412,"Yu Qiao 0001",975
"4:fad52c8e-5723-4858-b267-bba2f5249516:53698","Author",22,"Kaixiong Gong",53698,"CO_AUTHORED_WITH",1,"4:fad52c8e-5723-4858-b267-bba2f5249516:975","Author",412,"Yu Qiao 0001",975
"4:fad52c8e-5723-4858-b267-bba2f5249516:53762","Author",17,"Ding Liang",53762,"CO_AUTHORED_WITH",1,"4:fad52c8e-5723-4858-b267-bba2f5249516:975","Author",412,"Yu Qiao 0001",975
"4:fad52c8e-5723-4858-b267-bba2f5249516:54288","Author",6,"Jiajun Su",54288,"CO_AUTHORED_WITH",1,"4:fad52c8e-5723-4858-b267-bba2f5249516:975","Author",412,"Yu Qiao 0001",975
"4:fad52c8e-5723-4858-b267-bba2f5249516:54391","Author",14,"Xuan Dong",54391,"CO_AUTHORED_WITH",1,"4:fad52c8e-5723-4858-b267-bba2f5249516:975","Author",412,"Yu Qiao 0001",975
"4:fad52c8e-5723-4858-b267-bba2f5249516:54470","Author",25,"Chenyang Si",54470,"CO_AUTHORED_WITH",2,"4:fad52c8e-5723-4858-b267-bba2f5249516:975","Author",412,"Yu Qiao 0001",975
"4:fad52c8e-5723-4858-b267-bba2f5249516:54581","Author",113,"Yifei Huang 0002",54581,"CO_AUTHORED_WITH",1,"4:fad52c8e-5723-4858-b267-bba2f5249516:975","Author",412,"Yu Qiao 0001",975
"4:fad52c8e-5723-4858-b267-bba2f5249516:54582","Author",34,"Guo Chen 0006",54582,"CO_AUTHORED_WITH",3,"4:fad52c8e-5723-4858-b267-bba2f5249516:975","Author",412,"Yu Qiao 0001",975
"4:fad52c8e-5723-4858-b267-bba2f5249516:54583","Author",24,"Jilan Xu",54583,"CO_AUTHORED_WITH",3,"4:fad52c8e-5723-4858-b267-bba2f5249516:975","Author",412,"Yu Qiao 0001",975
"4:fad52c8e-5723-4858-b267-bba2f5249516:54584","Author",13,"Mingfang Zhang 0002",54584,"CO_AUTHORED_WITH",1,"4:fad52c8e-5723-4858-b267-bba2f5249516:975","Author",412,"Yu Qiao 0001",975
"4:fad52c8e-5723-4858-b267-bba2f5249516:54585","Author",10,"Baoqi Pei",54585,"CO_AUTHORED_WITH",1,"4:fad52c8e-5723-4858-b267-bba2f5249516:975","Author",412,"Yu Qiao 0001",975
"4:fad52c8e-5723-4858-b267-bba2f5249516:54586","Author",10,"Hongjie Zhang 0002",54586,"CO_AUTHORED_WITH",1,"4:fad52c8e-5723-4858-b267-bba2f5249516:975","Author",412,"Yu Qiao 0001",975
"4:fad52c8e-5723-4858-b267-bba2f5249516:54587","Author",10,"Lu Dong 0005",54587,"CO_AUTHORED_WITH",1,"4:fad52c8e-5723-4858-b267-bba2f5249516:975","Author",412,"Yu Qiao 0001",975
"4:fad52c8e-5723-4858-b267-bba2f5249516:54597","Author",12,"Feng Wang 0015",54597,"CO_AUTHORED_WITH",1,"4:fad52c8e-5723-4858-b267-bba2f5249516:975","Author",412,"Yu Qiao 0001",975
"4:fad52c8e-5723-4858-b267-bba2f5249516:54598","Author",12,"Jiapeng Luo",54598,"CO_AUTHORED_WITH",1,"4:fad52c8e-5723-4858-b267-bba2f5249516:975","Author",412,"Yu Qiao 0001",975
"4:fad52c8e-5723-4858-b267-bba2f5249516:54599","Author",34,"Tong Lu 0002",54599,"CO_AUTHORED_WITH",3,"4:fad52c8e-5723-4858-b267-bba2f5249516:975","Author",412,"Yu Qiao 0001",975
"4:fad52c8e-5723-4858-b267-bba2f5249516:55134","Author",38,"Yinan He",55134,"CO_AUTHORED_WITH",4,"4:fad52c8e-5723-4858-b267-bba2f5249516:975","Author",412,"Yu Qiao 0001",975
"4:fad52c8e-5723-4858-b267-bba2f5249516:55175","Author",18,"Xinhao Li 0004",55175,"CO_AUTHORED_WITH",1,"4:fad52c8e-5723-4858-b267-bba2f5249516:975","Author",412,"Yu Qiao 0001",975
"4:fad52c8e-5723-4858-b267-bba2f5249516:55176","Author",18,"Xiangyu Zeng",55176,"CO_AUTHORED_WITH",1,"4:fad52c8e-5723-4858-b267-bba2f5249516:975","Author",412,"Yu Qiao 0001",975
"4:fad52c8e-5723-4858-b267-bba2f5249516:55631","Author",12,"Yi Yu 0010",55631,"CO_AUTHORED_WITH",1,"4:fad52c8e-5723-4858-b267-bba2f5249516:975","Author",412,"Yu Qiao 0001",975
"4:fad52c8e-5723-4858-b267-bba2f5249516:55632","Author",16,"Qingyun Li",55632,"CO_AUTHORED_WITH",1,"4:fad52c8e-5723-4858-b267-bba2f5249516:975","Author",412,"Yu Qiao 0001",975
"4:fad52c8e-5723-4858-b267-bba2f5249516:55789","Author",12,"Yongting Zhang",55789,"CO_AUTHORED_WITH",1,"4:fad52c8e-5723-4858-b267-bba2f5249516:975","Author",412,"Yu Qiao 0001",975
"4:fad52c8e-5723-4858-b267-bba2f5249516:55790","Author",12,"Guodong Zheng",55790,"CO_AUTHORED_WITH",1,"4:fad52c8e-5723-4858-b267-bba2f5249516:975","Author",412,"Yu Qiao 0001",975
"4:fad52c8e-5723-4858-b267-bba2f5249516:55791","Author",12,"Yifeng Gao 0002",55791,"CO_AUTHORED_WITH",1,"4:fad52c8e-5723-4858-b267-bba2f5249516:975","Author",412,"Yu Qiao 0001",975
"4:fad52c8e-5723-4858-b267-bba2f5249516:56078","Author",28,"Jinjin Gu",56078,"CO_AUTHORED_WITH",1,"4:fad52c8e-5723-4858-b267-bba2f5249516:975","Author",412,"Yu Qiao 0001",975
"4:fad52c8e-5723-4858-b267-bba2f5249516:56153","Author",24,"Jiashuo Yu",56153,"CO_AUTHORED_WITH",1,"4:fad52c8e-5723-4858-b267-bba2f5249516:975","Author",412,"Yu Qiao 0001",975
"4:fad52c8e-5723-4858-b267-bba2f5249516:57547","Author",37,"Lirui Zhao",57547,"CO_AUTHORED_WITH",3,"4:fad52c8e-5723-4858-b267-bba2f5249516:975","Author",412,"Yu Qiao 0001",975
"4:fad52c8e-5723-4858-b267-bba2f5249516:57548","Author",17,"Tianhua Li",57548,"CO_AUTHORED_WITH",1,"4:fad52c8e-5723-4858-b267-bba2f5249516:975","Author",412,"Yu Qiao 0001",975
"4:fad52c8e-5723-4858-b267-bba2f5249516:57598","Author",14,"Yizhuo Li 0001",57598,"CO_AUTHORED_WITH",1,"4:fad52c8e-5723-4858-b267-bba2f5249516:975","Author",412,"Yu Qiao 0001",975
"4:fad52c8e-5723-4858-b267-bba2f5249516:57599","Author",25,"Yi Wang 0074",57599,"CO_AUTHORED_WITH",4,"4:fad52c8e-5723-4858-b267-bba2f5249516:975","Author",412,"Yu Qiao 0001",975
"4:fad52c8e-5723-4858-b267-bba2f5249516:57600","Author",11,"Yi Liu 0081",57600,"CO_AUTHORED_WITH",1,"4:fad52c8e-5723-4858-b267-bba2f5249516:975","Author",412,"Yu Qiao 0001",975
"4:fad52c8e-5723-4858-b267-bba2f5249516:57602","Author",11,"Ping Lou",57602,"CO_AUTHORED_WITH",1,"4:fad52c8e-5723-4858-b267-bba2f5249516:975","Author",412,"Yu Qiao 0001",975
"4:fad52c8e-5723-4858-b267-bba2f5249516:58036","Author",16,"Jiannan Wu",58036,"CO_AUTHORED_WITH",2,"4:fad52c8e-5723-4858-b267-bba2f5249516:975","Author",412,"Yu Qiao 0001",975
"4:fad52c8e-5723-4858-b267-bba2f5249516:58072","Author",8,"Peng-Shuai Wang",58072,"CO_AUTHORED_WITH",1,"4:fad52c8e-5723-4858-b267-bba2f5249516:975","Author",412,"Yu Qiao 0001",975
"4:fad52c8e-5723-4858-b267-bba2f5249516:58255","Author",17,"Tianxing Wu 0002",58255,"CO_AUTHORED_WITH",2,"4:fad52c8e-5723-4858-b267-bba2f5249516:975","Author",412,"Yu Qiao 0001",975
"4:fad52c8e-5723-4858-b267-bba2f5249516:58256","Author",15,"Qingyang Jin",58256,"CO_AUTHORED_WITH",1,"4:fad52c8e-5723-4858-b267-bba2f5249516:975","Author",412,"Yu Qiao 0001",975
"4:fad52c8e-5723-4858-b267-bba2f5249516:58257","Author",15,"Nattapol Chanpaisit",58257,"CO_AUTHORED_WITH",1,"4:fad52c8e-5723-4858-b267-bba2f5249516:975","Author",412,"Yu Qiao 0001",975
"4:fad52c8e-5723-4858-b267-bba2f5249516:58306","Author",45,"Linke Ouyang",58306,"CO_AUTHORED_WITH",1,"4:fad52c8e-5723-4858-b267-bba2f5249516:975","Author",412,"Yu Qiao 0001",975
"4:fad52c8e-5723-4858-b267-bba2f5249516:58478","Author",6,"Xiaoliang Ju",58478,"CO_AUTHORED_WITH",1,"4:fad52c8e-5723-4858-b267-bba2f5249516:975","Author",412,"Yu Qiao 0001",975
"4:fad52c8e-5723-4858-b267-bba2f5249516:58766","Author",15,"Wenhan Dou",58766,"CO_AUTHORED_WITH",2,"4:fad52c8e-5723-4858-b267-bba2f5249516:975","Author",412,"Yu Qiao 0001",975
"4:fad52c8e-5723-4858-b267-bba2f5249516:59156","Author",7,"Qichang Liu",59156,"CO_AUTHORED_WITH",1,"4:fad52c8e-5723-4858-b267-bba2f5249516:975","Author",412,"Yu Qiao 0001",975
"4:fad52c8e-5723-4858-b267-bba2f5249516:59861","Author",13,"Fanghua Yu",59861,"CO_AUTHORED_WITH",2,"4:fad52c8e-5723-4858-b267-bba2f5249516:975","Author",412,"Yu Qiao 0001",975
"4:fad52c8e-5723-4858-b267-bba2f5249516:59862","Author",6,"Anran Liu",59862,"CO_AUTHORED_WITH",1,"4:fad52c8e-5723-4858-b267-bba2f5249516:975","Author",412,"Yu Qiao 0001",975
"4:fad52c8e-5723-4858-b267-bba2f5249516:60184","Author",5,"Yijiin Li",60184,"CO_AUTHORED_WITH",1,"4:fad52c8e-5723-4858-b267-bba2f5249516:975","Author",412,"Yu Qiao 0001",975
"4:fad52c8e-5723-4858-b267-bba2f5249516:60254","Author",8,"Jinfan Hu",60254,"CO_AUTHORED_WITH",1,"4:fad52c8e-5723-4858-b267-bba2f5249516:975","Author",412,"Yu Qiao 0001",975
"4:fad52c8e-5723-4858-b267-bba2f5249516:60899","Author",11,"Chenting Wang",60899,"CO_AUTHORED_WITH",1,"4:fad52c8e-5723-4858-b267-bba2f5249516:975","Author",412,"Yu Qiao 0001",975
"4:fad52c8e-5723-4858-b267-bba2f5249516:61001","Author",16,"Changyao Tian",61001,"CO_AUTHORED_WITH",1,"4:fad52c8e-5723-4858-b267-bba2f5249516:975","Author",412,"Yu Qiao 0001",975
"4:fad52c8e-5723-4858-b267-bba2f5249516:61002","Author",18,"Jinguo Zhu",61002,"CO_AUTHORED_WITH",1,"4:fad52c8e-5723-4858-b267-bba2f5249516:975","Author",412,"Yu Qiao 0001",975
"4:fad52c8e-5723-4858-b267-bba2f5249516:62041","Author",29,"Ethan Chern",62041,"CO_AUTHORED_WITH",1,"4:fad52c8e-5723-4858-b267-bba2f5249516:975","Author",412,"Yu Qiao 0001",975
"4:fad52c8e-5723-4858-b267-bba2f5249516:62249","Author",42,"Yan Ma",62249,"CO_AUTHORED_WITH",1,"4:fad52c8e-5723-4858-b267-bba2f5249516:975","Author",412,"Yu Qiao 0001",975
"4:fad52c8e-5723-4858-b267-bba2f5249516:62462","Author",11,"Langtian Ma",62462,"CO_AUTHORED_WITH",1,"4:fad52c8e-5723-4858-b267-bba2f5249516:975","Author",412,"Yu Qiao 0001",975
"4:fad52c8e-5723-4858-b267-bba2f5249516:62839","Author",12,"Dandan Liang",62839,"CO_AUTHORED_WITH",1,"4:fad52c8e-5723-4858-b267-bba2f5249516:975","Author",412,"Yu Qiao 0001",975
"4:fad52c8e-5723-4858-b267-bba2f5249516:62840","Author",12,"Xingge Qiao",62840,"CO_AUTHORED_WITH",1,"4:fad52c8e-5723-4858-b267-bba2f5249516:975","Author",412,"Yu Qiao 0001",975
"4:fad52c8e-5723-4858-b267-bba2f5249516:62841","Author",12,"Keqing Wang",62841,"CO_AUTHORED_WITH",1,"4:fad52c8e-5723-4858-b267-bba2f5249516:975","Author",412,"Yu Qiao 0001",975
"4:fad52c8e-5723-4858-b267-bba2f5249516:63164","Author",7,"Qingsong Zhao",63164,"CO_AUTHORED_WITH",1,"4:fad52c8e-5723-4858-b267-bba2f5249516:975","Author",412,"Yu Qiao 0001",975
"4:fad52c8e-5723-4858-b267-bba2f5249516:63346","Author",15,"Shuibo Zhang",63346,"CO_AUTHORED_WITH",1,"4:fad52c8e-5723-4858-b267-bba2f5249516:975","Author",412,"Yu Qiao 0001",975
"4:fad52c8e-5723-4858-b267-bba2f5249516:63347","Author",15,"Tiantong Li",63347,"CO_AUTHORED_WITH",1,"4:fad52c8e-5723-4858-b267-bba2f5249516:975","Author",412,"Yu Qiao 0001",975
"4:fad52c8e-5723-4858-b267-bba2f5249516:63485","Author",17,"Eric J. Seibel",63485,"CO_AUTHORED_WITH",1,"4:fad52c8e-5723-4858-b267-bba2f5249516:975","Author",412,"Yu Qiao 0001",975
"4:fad52c8e-5723-4858-b267-bba2f5249516:64592","Author",19,"Xu Luo",64592,"CO_AUTHORED_WITH",1,"4:fad52c8e-5723-4858-b267-bba2f5249516:975","Author",412,"Yu Qiao 0001",975
"4:fad52c8e-5723-4858-b267-bba2f5249516:66064","Author",23,"Xinyue Zhang 0005",66064,"CO_AUTHORED_WITH",1,"4:fad52c8e-5723-4858-b267-bba2f5249516:975","Author",412,"Yu Qiao 0001",975
"4:fad52c8e-5723-4858-b267-bba2f5249516:66537","Author",32,"Yiyuan Li",66537,"CO_AUTHORED_WITH",1,"4:fad52c8e-5723-4858-b267-bba2f5249516:975","Author",412,"Yu Qiao 0001",975
"4:fad52c8e-5723-4858-b267-bba2f5249516:66836","Author",42,"Shichao Sun",66836,"CO_AUTHORED_WITH",1,"4:fad52c8e-5723-4858-b267-bba2f5249516:975","Author",412,"Yu Qiao 0001",975
"4:fad52c8e-5723-4858-b267-bba2f5249516:66838","Author",42,"Binjie Wang",66838,"CO_AUTHORED_WITH",1,"4:fad52c8e-5723-4858-b267-bba2f5249516:975","Author",412,"Yu Qiao 0001",975
"4:fad52c8e-5723-4858-b267-bba2f5249516:67318","Author",8,"Junqi Ge",67318,"CO_AUTHORED_WITH",1,"4:fad52c8e-5723-4858-b267-bba2f5249516:975","Author",412,"Yu Qiao 0001",975
"4:fad52c8e-5723-4858-b267-bba2f5249516:67397","Author",18,"Xuemeng Yang",67397,"CO_AUTHORED_WITH",2,"4:fad52c8e-5723-4858-b267-bba2f5249516:975","Author",412,"Yu Qiao 0001",975
"4:fad52c8e-5723-4858-b267-bba2f5249516:67398","Author",13,"Licheng Wen",67398,"CO_AUTHORED_WITH",1,"4:fad52c8e-5723-4858-b267-bba2f5249516:975","Author",412,"Yu Qiao 0001",975
"4:fad52c8e-5723-4858-b267-bba2f5249516:67399","Author",13,"Daocheng Fu",67399,"CO_AUTHORED_WITH",1,"4:fad52c8e-5723-4858-b267-bba2f5249516:975","Author",412,"Yu Qiao 0001",975
"4:fad52c8e-5723-4858-b267-bba2f5249516:67400","Author",18,"Min Dou",67400,"CO_AUTHORED_WITH",2,"4:fad52c8e-5723-4858-b267-bba2f5249516:975","Author",412,"Yu Qiao 0001",975
"4:fad52c8e-5723-4858-b267-bba2f5249516:67461","Author",15,"Jinsong Li 0001",67461,"CO_AUTHORED_WITH",2,"4:fad52c8e-5723-4858-b267-bba2f5249516:975","Author",412,"Yu Qiao 0001",975
"4:fad52c8e-5723-4858-b267-bba2f5249516:67708","Author",14,"Lin Chen 0016",67708,"CO_AUTHORED_WITH",1,"4:fad52c8e-5723-4858-b267-bba2f5249516:975","Author",412,"Yu Qiao 0001",975
"4:fad52c8e-5723-4858-b267-bba2f5249516:67709","Author",14,"Lin Bin",67709,"CO_AUTHORED_WITH",1,"4:fad52c8e-5723-4858-b267-bba2f5249516:975","Author",412,"Yu Qiao 0001",975
"4:fad52c8e-5723-4858-b267-bba2f5249516:67718","Author",6,"Rongkun Zheng",67718,"CO_AUTHORED_WITH",1,"4:fad52c8e-5723-4858-b267-bba2f5249516:975","Author",412,"Yu Qiao 0001",975
"4:fad52c8e-5723-4858-b267-bba2f5249516:68374","Author",10,"Tao Chu",68374,"CO_AUTHORED_WITH",1,"4:fad52c8e-5723-4858-b267-bba2f5249516:975","Author",412,"Yu Qiao 0001",975
"4:fad52c8e-5723-4858-b267-bba2f5249516:68578","Author",9,"Qiusheng Huang",68578,"CO_AUTHORED_WITH",1,"4:fad52c8e-5723-4858-b267-bba2f5249516:975","Author",412,"Yu Qiao 0001",975
"4:fad52c8e-5723-4858-b267-bba2f5249516:68579","Author",9,"Jianfei Guo",68579,"CO_AUTHORED_WITH",1,"4:fad52c8e-5723-4858-b267-bba2f5249516:975","Author",412,"Yu Qiao 0001",975
"4:fad52c8e-5723-4858-b267-bba2f5249516:68949","Author",11,"Junjie Wang 0009",68949,"CO_AUTHORED_WITH",1,"4:fad52c8e-5723-4858-b267-bba2f5249516:975","Author",412,"Yu Qiao 0001",975
"4:fad52c8e-5723-4858-b267-bba2f5249516:69041","Author",27,"Haoyang Zou",69041,"CO_AUTHORED_WITH",1,"4:fad52c8e-5723-4858-b267-bba2f5249516:975","Author",412,"Yu Qiao 0001",975
"4:fad52c8e-5723-4858-b267-bba2f5249516:69042","Author",27,"Ruijie Xu 0005",69042,"CO_AUTHORED_WITH",1,"4:fad52c8e-5723-4858-b267-bba2f5249516:975","Author",412,"Yu Qiao 0001",975
"4:fad52c8e-5723-4858-b267-bba2f5249516:69043","Author",27,"Run-Ze Fan",69043,"CO_AUTHORED_WITH",1,"4:fad52c8e-5723-4858-b267-bba2f5249516:975","Author",412,"Yu Qiao 0001",975
"4:fad52c8e-5723-4858-b267-bba2f5249516:69044","Author",27,"Lyumanshan Ye",69044,"CO_AUTHORED_WITH",1,"4:fad52c8e-5723-4858-b267-bba2f5249516:975","Author",412,"Yu Qiao 0001",975
"4:fad52c8e-5723-4858-b267-bba2f5249516:69045","Author",27,"Yixin Ye",69045,"CO_AUTHORED_WITH",1,"4:fad52c8e-5723-4858-b267-bba2f5249516:975","Author",412,"Yu Qiao 0001",975
"4:fad52c8e-5723-4858-b267-bba2f5249516:69046","Author",27,"Yikai Zhang 0003",69046,"CO_AUTHORED_WITH",1,"4:fad52c8e-5723-4858-b267-bba2f5249516:975","Author",412,"Yu Qiao 0001",975
"4:fad52c8e-5723-4858-b267-bba2f5249516:69047","Author",27,"Ting Wu",69047,"CO_AUTHORED_WITH",1,"4:fad52c8e-5723-4858-b267-bba2f5249516:975","Author",412,"Yu Qiao 0001",975
"4:fad52c8e-5723-4858-b267-bba2f5249516:69048","Author",27,"Steffi Chern",69048,"CO_AUTHORED_WITH",1,"4:fad52c8e-5723-4858-b267-bba2f5249516:975","Author",412,"Yu Qiao 0001",975
"4:fad52c8e-5723-4858-b267-bba2f5249516:69049","Author",27,"Yiwei Qin",69049,"CO_AUTHORED_WITH",1,"4:fad52c8e-5723-4858-b267-bba2f5249516:975","Author",412,"Yu Qiao 0001",975
"4:fad52c8e-5723-4858-b267-bba2f5249516:69050","Author",27,"Jiadi Su",69050,"CO_AUTHORED_WITH",1,"4:fad52c8e-5723-4858-b267-bba2f5249516:975","Author",412,"Yu Qiao 0001",975